--
-- PostgreSQL database dump
--

-- Dumped from database version 9.6.10
-- Dumped by pg_dump version 9.6.10

-- Started on 2019-02-19 13:58:53 +0330

SET statement_timeout = 0;
SET lock_timeout = 0;
SET idle_in_transaction_session_timeout = 0;
SET client_encoding = 'UTF8';
SET standard_conforming_strings = on;
SELECT pg_catalog.set_config('search_path', '', false);
SET check_function_bodies = false;
SET client_min_messages = warning;
SET row_security = off;

SET default_tablespace = '';

SET default_with_oids = false;

--
-- TOC entry 194 (class 1259 OID 26005)
-- Name: aggrigators; Type: TABLE; Schema: public; Owner: -
--

CREATE TABLE public.aggrigators (
    id uuid DEFAULT public.uuid_generate_v4() NOT NULL,
    name character varying(255) NOT NULL,
    title character varying(255),
    code character varying(255),
    phone character varying(255),
    email character varying(255),
    created_by uuid,
    deleted_by uuid,
    updated_by uuid,
    created_at timestamp with time zone,
    deleted_at timestamp with time zone,
    updated_at timestamp with time zone,
    details json,
    status integer NOT NULL,
    situation integer NOT NULL,
    description character varying
);


--
-- TOC entry 200 (class 1259 OID 26318)
-- Name: content_providers; Type: TABLE; Schema: public; Owner: -
--

CREATE TABLE public.content_providers (
    id uuid DEFAULT public.uuid_generate_v4() NOT NULL,
    name character varying(255) NOT NULL,
    title character varying(255),
    code character varying(255),
    phone character varying(255),
    email character varying(255),
    created_by uuid,
    deleted_by uuid,
    updated_by uuid,
    created_at timestamp with time zone,
    deleted_at timestamp with time zone,
    updated_at timestamp with time zone,
    details json,
    status integer NOT NULL,
    situation integer NOT NULL,
    description character varying
);


--
-- TOC entry 198 (class 1259 OID 26258)
-- Name: entities; Type: TABLE; Schema: public; Owner: -
--

CREATE TABLE public.entities (
    id uuid DEFAULT public.uuid_generate_v4() NOT NULL,
    name character varying(255) NOT NULL,
    title character varying(255),
    created_by uuid,
    deleted_by uuid,
    updated_by uuid,
    created_at timestamp with time zone,
    deleted_at timestamp with time zone,
    updated_at timestamp with time zone,
    type integer NOT NULL,
    status integer NOT NULL,
    situation integer NOT NULL,
    description character varying
);


--
-- TOC entry 195 (class 1259 OID 26054)
-- Name: mobile_operators; Type: TABLE; Schema: public; Owner: -
--

CREATE TABLE public.mobile_operators (
    id uuid DEFAULT public.uuid_generate_v4() NOT NULL,
    name character varying(255) NOT NULL,
    title character varying(255),
    code character varying(255),
    phone character varying(255),
    email character varying(255),
    created_by uuid,
    deleted_by uuid,
    updated_by uuid,
    created_at timestamp with time zone,
    deleted_at timestamp with time zone,
    updated_at timestamp with time zone,
    details json,
    status integer NOT NULL,
    situation integer NOT NULL,
    description character varying
);


--
-- TOC entry 199 (class 1259 OID 26284)
-- Name: privileges; Type: TABLE; Schema: public; Owner: -
--

CREATE TABLE public.privileges (
    id uuid DEFAULT public.uuid_generate_v4() NOT NULL,
    security_role uuid NOT NULL,
    entity uuid NOT NULL,
    privilege_string character varying(255),
    created_by uuid,
    deleted_by uuid,
    updated_by uuid,
    created_at timestamp with time zone,
    deleted_at timestamp with time zone,
    updated_at timestamp with time zone,
    status integer NOT NULL,
    situation integer NOT NULL,
    description character varying
);


--
-- TOC entry 196 (class 1259 OID 26198)
-- Name: security_roles; Type: TABLE; Schema: public; Owner: -
--

CREATE TABLE public.security_roles (
    id uuid DEFAULT public.uuid_generate_v4() NOT NULL,
    name character varying(255) NOT NULL,
    title character varying(255),
    created_by uuid,
    deleted_by uuid,
    updated_by uuid,
    created_at timestamp with time zone,
    deleted_at timestamp with time zone,
    updated_at timestamp with time zone,
    status integer NOT NULL,
    situation integer NOT NULL,
    description character varying
);


--
-- TOC entry 193 (class 1259 OID 25944)
-- Name: users; Type: TABLE; Schema: public; Owner: -
--

CREATE TABLE public.users (
    id uuid DEFAULT public.uuid_generate_v4() NOT NULL,
    first_name character varying(255),
    middle_name character varying(255),
    last_name character varying(255),
    username character varying(255) NOT NULL,
    email character varying(255) NOT NULL,
    password character varying(255) NOT NULL,
    type integer NOT NULL,
    created_by uuid,
    deleted_by uuid,
    updated_by uuid,
    created_at timestamp with time zone,
    deleted_at timestamp with time zone,
    updated_at timestamp with time zone,
    details json,
    status integer NOT NULL,
    situation integer NOT NULL,
    description character varying
);


--
-- TOC entry 197 (class 1259 OID 26224)
-- Name: users_security_roles; Type: TABLE; Schema: public; Owner: -
--

CREATE TABLE public.users_security_roles (
    id uuid DEFAULT public.uuid_generate_v4() NOT NULL,
    _user_ uuid NOT NULL,
    security_role uuid NOT NULL,
    created_by uuid,
    deleted_by uuid,
    updated_by uuid,
    created_at timestamp with time zone,
    deleted_at timestamp with time zone,
    updated_at timestamp with time zone,
    status integer NOT NULL,
    situation integer NOT NULL,
    description character varying
);


--
-- TOC entry 2330 (class 0 OID 26005)
-- Dependencies: 194
-- Data for Name: aggrigators; Type: TABLE DATA; Schema: public; Owner: -
--

COPY public.aggrigators (id, name, title, code, phone, email, created_by, deleted_by, updated_by, created_at, deleted_at, updated_at, details, status, situation, description) FROM stdin;
2246585c-2df9-44c8-9f67-501b2faba165	WlrBbmQBhCDarzOw	kYHIDdqSCD	59228973612	319478450361	info@WlrBbmQBhCDarzOw.com	9979027d-1672-4108-95a4-eb5d346545a0	\N	\N	2019-02-14 20:43:17.018067+03:30	2019-02-14 20:55:26.505689+03:30	\N	{}	0	0	dyGgxxpkLoRellNMPapqfWkHOPkMCoQHnWnkUE
dd35a468-eccb-4fed-864e-af07020c6818	HsqmGbbuqCLJJiV	wMdkqtBxIX	91771159776736	639481293908	info@HsqmGbbuqCLJJiV.com	9979027d-1672-4108-95a4-eb5d346545a0	\N	\N	2019-02-14 20:43:17.036436+03:30	2019-02-14 20:56:11.178213+03:30	\N	{}	0	0	sBcnuVqHFfbsAQxWpQCAceHcHzvFrkMLNozjKpqPxRjxKIT
1019b342-bd14-4102-9bb0-8ee0550df8f2	RUbeTokYXhoaCHWd	MxXrDRYXLMn	870480429610422	055290283804	info@RUbeTokYXhoaCHWd.com	9979027d-1672-4108-95a4-eb5d346545a0	\N	\N	2019-02-14 20:43:17.068478+03:30	2019-02-14 20:56:11.197047+03:30	\N	{}	0	0	drMYDiAjxloGHIqfMZhlvIhJOuvsuyOYpaYUlYEimUotEHZ
de5e97b2-83e1-4416-8e25-f36649186860	EBmwSIqyOYgyxymze	YPZVjEGebEOcf	994510378860	676097597853	info@EBmwSIqyOYgyxymze.com	9979027d-1672-4108-95a4-eb5d346545a0	\N	\N	2019-02-14 20:43:17.095868+03:30	2019-02-14 20:56:11.214336+03:30	\N	{}	1	0	FNxzTqRSvBsPKyhseNBppKqTpDdbuOtbbqCWIv
314d45a4-4d82-4b04-b804-86c7916ec704	IiCfSkpgGkBBiPZz	ZUCxAMLUdFYkGRU	870862479392	301789154925	info@IiCfSkpgGkBBiPZz.com	9979027d-1672-4108-95a4-eb5d346545a0	\N	\N	2019-02-14 20:43:17.082124+03:30	2019-02-14 20:56:11.217668+03:30	\N	{}	1	0	NVwdtXjBMyPppHAUXnspuSgdhiIxqMBfJxJCVUDJSuyIB
315bc6d2-82b4-4ea6-8639-179eeb5f9777	fxJujjDDNtgeiqVdgAij	wcyAuBWewPJVY	6379749170	085394154155	info@fxJujjDDNtgeiqVdgAij.com	9979027d-1672-4108-95a4-eb5d346545a0	\N	\N	2019-02-14 20:43:17.109215+03:30	2019-02-14 20:56:11.243465+03:30	\N	{}	0	0	spqpqWuZiFWOVydDWyVvBurczmgyJGfdXVTNU
4754f750-6004-4723-823c-a8d607c6b3a4	Tele Promo Kish	Telepromo	0001	+9821883522485	info@telepromo.lb	a2e60f5a-1df2-480d-a034-8d096a9aa83c	\N	a2e60f5a-1df2-480d-a034-8d096a9aa83c	2019-02-13 21:32:23.551584+03:30	\N	2019-02-14 17:49:43.080055+03:30	{"CEO":"Fayad"}	0	0	Tele Promo Kish
26f11225-b727-45f5-a022-4f4ed4062259	mbpeSzdIGZnzXTzQs	wAtYCBmJAwwmNiN	73901506979289	893636044966	info@mbpeSzdIGZnzXTzQs.com	9979027d-1672-4108-95a4-eb5d346545a0	\N	\N	2019-02-14 20:43:17.338057+03:30	\N	\N	{}	0	0	tKcAPWPbqROmqAWIXeZQKVLFBhwCOcpjmRMBPbEGVSULu
98370439-fb91-4509-b36d-35a586cbfa8d	TuUVKeSVjTDHVtjmE	fQbvUfdpaxc	16091915094968	465347471404	info@TuUVKeSVjTDHVtjmE.com	9979027d-1672-4108-95a4-eb5d346545a0	\N	\N	2019-02-14 20:43:17.354335+03:30	\N	\N	{}	0	0	hWGFNpaqelofrSoTQIKTxIPqZeqvLQmUOUBbJbR
22f75390-288d-488f-b04e-cee43f6bbac1	MiXfcLbsTNosVDKuJc	wsDQHXRKIUEzI	08675446055391	049674309660	info@MiXfcLbsTNosVDKuJc.com	9979027d-1672-4108-95a4-eb5d346545a0	\N	\N	2019-02-14 20:43:17.384726+03:30	\N	\N	{}	0	0	aUsOKBFUGJTfiUqBjClvLAzamUcImiCNeWDoXJlFuEMdADG
a6283db0-c9a9-492a-9232-667ba539c0bf	hUfsUevjaXrNiVCorhF	qqwNuJquoYe	4525938843505	346253200098	info@hUfsUevjaXrNiVCorhF.com	9979027d-1672-4108-95a4-eb5d346545a0	\N	\N	2019-02-14 20:43:17.404682+03:30	\N	\N	{}	0	0	oZqhmgyetyYepfAesjLKzivdeVdLlYgaZXjnDJRxHRDYYDD
3acaafde-3048-4a30-a43d-7530149d0673	yJrIfXiMkYroKKTv	SUIqIOJFCKYA	726889881680484	296455470576	info@yJrIfXiMkYroKKTv.com	9979027d-1672-4108-95a4-eb5d346545a0	\N	\N	2019-02-14 20:43:17.450185+03:30	\N	\N	{}	0	0	DbxJmITwcQqxFBbfHBaDvFuaauJxFRwkVu
83c4dafc-d10d-4ef0-b926-0b57b100cb8a	HepDiFVfKyHSFIUlEaf	AaPaHJWTes	38245432247	161687049695	info@HepDiFVfKyHSFIUlEaf.com	9979027d-1672-4108-95a4-eb5d346545a0	\N	\N	2019-02-14 20:43:17.47421+03:30	\N	\N	{}	1	0	MqUEghDmxkynwxzQNswaXgNJWdxbuU
82092a36-715d-443d-8ff7-79496dec0251	GKmnqwqdVaDIWAHOqAK	zqGkMLhQFd	810724992366	746960995173	info@GKmnqwqdVaDIWAHOqAK.com	9979027d-1672-4108-95a4-eb5d346545a0	\N	\N	2019-02-14 20:43:17.495161+03:30	\N	\N	{}	0	0	lwDTkSsLYkAjaTaxgpDMylDXukDnFtprRUmBmeMLroWRHwOQNt
abcd63be-dbc6-4eaf-8581-b5f653e64149	LGHLcrOrZHgsBAeCP	PCcDYVnxMDmFHao	1827052611788	774900271620	info@LGHLcrOrZHgsBAeCP.com	9979027d-1672-4108-95a4-eb5d346545a0	\N	\N	2019-02-14 20:43:17.508643+03:30	\N	\N	{}	0	0	waBhSLIevqvWCQEQAztKydwrBgXDCJp
3b95a4bd-e8d7-4dce-bc69-0f5048863275	neSlsPLWuiUPFxlZBk	hKwPpanLtcf	376150650812	691042740328	info@neSlsPLWuiUPFxlZBk.com	9979027d-1672-4108-95a4-eb5d346545a0	\N	\N	2019-02-14 20:43:17.131454+03:30	2019-02-14 20:56:11.262501+03:30	\N	{}	0	0	jOWRGHWLkObMEaHKGcCnaeHhsvEYmqPxhlr
7a6fc2b4-cd9d-4760-aae9-c99c993a4da2	YxAcbHhKicQCoENdto	fGDWDwFcGpXi	92247754812893	802105110850	info@YxAcbHhKicQCoENdto.com	9979027d-1672-4108-95a4-eb5d346545a0	\N	\N	2019-02-14 20:43:17.052328+03:30	2019-02-14 20:56:11.272439+03:30	\N	{}	0	0	GSpQoqmsBOAgUwnnyQXNzlGdGwPbtrwblNsaDeugUuMoqc
c4e631ec-cdc9-4fce-a5df-b44cc1d78c40	UNyFDZRHbASJEUYG	foubUTpnimUwFj	8931489677	712215090401	info@UNyFDZRHbASJEUYG.com	9979027d-1672-4108-95a4-eb5d346545a0	\N	\N	2019-02-14 20:43:17.145317+03:30	2019-02-14 20:56:11.2978+03:30	\N	{}	1	0	KxlPgdiRbfcRIqIfpgyNKrREfXSNvU
bc6b3525-fe19-42a1-bcc2-7c2fb64e560d	FtPwCtGTwmXNupyCfGc	QUNUblmoIiTNcK	0585507382307	769119089880	info@FtPwCtGTwmXNupyCfGc.com	9979027d-1672-4108-95a4-eb5d346545a0	\N	\N	2019-02-14 20:43:17.158592+03:30	2019-02-14 20:56:11.334889+03:30	\N	{}	1	0	KAzQfrpjVOAxdPcWMjoBmsKskFOJnEWxgxNnofWltWjWNnVB
53fab655-93c5-4410-8898-ad23ade248ec	RUJIgSKmvRZgFwvRF	wApdTuTPBztYgns	32197682064	369048512973	info@RUJIgSKmvRZgFwvRF.com	9979027d-1672-4108-95a4-eb5d346545a0	\N	\N	2019-02-14 20:43:17.22328+03:30	2019-02-14 20:56:11.359081+03:30	\N	{}	0	0	PCNjUlkfuzmxnAFAmeSpckJcazXDrtdGYrqscCzyBNvQqcQ
2c1a508c-2212-4f4a-9f34-8e08c02c3af2	JCkdMEOuuzhyVHGvw	jbQxxPITcvoG	025197131206874	244591289606	info@JCkdMEOuuzhyVHGvw.com	9979027d-1672-4108-95a4-eb5d346545a0	\N	\N	2019-02-14 20:43:17.172197+03:30	2019-02-14 20:56:11.369786+03:30	\N	{}	0	0	pqhSuebnVfgVJWdVjJAfQzZxlCxDzN
e1ce6b1d-a2c7-4c68-a16d-c5f87e65a396	jitLvCnVBmAsIdzgw	AATzzwpWMfbFjKn	56259177411913	749313879388	info@jitLvCnVBmAsIdzgw.com	9979027d-1672-4108-95a4-eb5d346545a0	\N	\N	2019-02-14 20:43:17.236459+03:30	2019-02-14 20:56:11.399888+03:30	\N	{}	0	0	UySGEfOnexPmmSBAOpmdgzQMKQzxUVtQvnXbSlqZKGL
3bb80edf-98c7-42e6-b095-154ad47c3133	AMZPdnsJOlVYBwxxtT	oGNrBaiakQ	92965538673	026930876524	info@AMZPdnsJOlVYBwxxtT.com	9979027d-1672-4108-95a4-eb5d346545a0	\N	\N	2019-02-14 20:43:17.249932+03:30	2019-02-14 20:56:11.410887+03:30	\N	{}	0	0	WqhODSGcFOHeSYSHmGxwToAYuVnoJDJftqtwkb
92fa74c9-5668-4ace-b59d-ba9a87c8fff3	pRIUjImqWsPSLgvLCsa	BdbgWtBSeE	381131581339754	967210137763	info@pRIUjImqWsPSLgvLCsa.com	9979027d-1672-4108-95a4-eb5d346545a0	\N	\N	2019-02-14 20:43:17.27318+03:30	2019-02-14 20:56:11.43647+03:30	\N	{}	1	0	oOfreMGfkrBcvKzVGBoFtHGojhdnaYwPnbitoRAAIB
ac41b9ae-3114-4862-be9c-8c738f2aaafb	DnEZWFpDawlOHSsvtQT	fvSYLjZLUCQX	08693374371396	202957464912	info@DnEZWFpDawlOHSsvtQT.com	9979027d-1672-4108-95a4-eb5d346545a0	\N	\N	2019-02-14 20:43:17.287159+03:30	2019-02-14 20:56:11.445402+03:30	\N	{}	1	0	CHVCzysvdGcXbbIswmEAYLziFKtmoikSSFxtgpoJXQI
8ab897b2-e6fd-4dbf-a770-97fb0ca96c89	sRSQfWQDJQNqCGdqRNl	uiEazVMWNUU	77979889805	024373001580	info@sRSQfWQDJQNqCGdqRNl.com	9979027d-1672-4108-95a4-eb5d346545a0	\N	\N	2019-02-14 20:43:17.300674+03:30	2019-02-14 20:56:11.477673+03:30	\N	{}	0	0	SnlnVaCSvPIUmOiAWCqxsWkQwGxYazNtnaIkAm
097cace8-ec1a-41b8-b7be-bb36fce1deed	YBnUQBCQAgGxAch	YnqxqqmLFoT	4394406022843	119000257691	info@YBnUQBCQAgGxAch.com	9979027d-1672-4108-95a4-eb5d346545a0	\N	\N	2019-02-14 20:43:17.314476+03:30	2019-02-14 20:56:11.50858+03:30	\N	{}	1	0	BerRnmixxSYJhOVEnGbpYQriXqGwDRygXRxKfHIcaINHWiLK
1c42200a-d2b9-41a7-b3a8-527fa97c8b93	QgJLaPOpkVxFGviceTc	kbLJopGTQvvhbg	15617229281247	637723725376	info@QgJLaPOpkVxFGviceTc.com	9979027d-1672-4108-95a4-eb5d346545a0	\N	\N	2019-02-14 20:43:17.185073+03:30	2019-02-14 20:56:11.541865+03:30	\N	{}	0	0	heyENtMROBDeYqcrgluaIiHVEIXWJJrqopuBjGuxHxDIP
edcd36f8-5b5b-4c3e-bef3-989abeb836a6	zwsWyBgFylqVjzHaRv	LYauuzdrCNjKpHC	3392444993832	543949557390	info@zwsWyBgFylqVjzHaRv.com	9979027d-1672-4108-95a4-eb5d346545a0	\N	\N	2019-02-14 20:43:17.208306+03:30	2019-02-14 20:56:11.566941+03:30	\N	{}	1	0	JCxOhQAnxdrMgZeBHnlMWPMhWDvThSFqUeEeX
0f446c44-8836-404d-952e-25c7fdf5f812	nqDOAysHwxShxzjyWum	ffamxdnxJqO	01645831229554	312065194468	info@nqDOAysHwxShxzjyWum.com	9979027d-1672-4108-95a4-eb5d346545a0	\N	\N	2019-02-14 20:43:17.422518+03:30	2019-02-14 21:13:36.246552+03:30	\N	{}	1	0	ixmzkWSqOiWYfAlPEUuugFrTeOMqiNUQnirXElp
c9a67144-45cd-44f1-abb6-adbe62a71500	ToSaoDqszkOgRFbXTnp	BltQTMPYyEq	69484084482	277993984080	info@ToSaoDqszkOgRFbXTnp.com	9979027d-1672-4108-95a4-eb5d346545a0	\N	\N	2019-02-14 20:43:17.437004+03:30	2019-02-14 21:13:36.280948+03:30	\N	{}	1	0	ihbAawJugaglODDKTDJizYnYoeSUoZryi
3cb8d60c-ac1b-4f38-8525-291157100a55	LSHGePkZhHvLXcb	DwJCCGtDOQisCYS	015080715133948	360907020004	info@LSHGePkZhHvLXcb.com	9979027d-1672-4108-95a4-eb5d346545a0	\N	\N	2019-02-14 20:43:17.521844+03:30	\N	\N	{}	0	0	HrffnXnJYeeltzaIznICCOZwKNwyHZgPQLWfKJQiPuUJVW
8d0f5834-07f0-4f42-912f-a40d5aba16ac	xlBznrYjdOHbVgHMYu	ggTYqjTmUQINNt	229138137614	201863420594	info@xlBznrYjdOHbVgHMYu.com	9979027d-1672-4108-95a4-eb5d346545a0	\N	\N	2019-02-14 20:43:17.535943+03:30	\N	\N	{}	0	0	npJFeRmrNYuQNWbJjPDjHdeAVknYKPoxhxCLqQeD
c636c07e-6444-4316-8fec-25ed019df2d8	AvdWzOiORRWWXyrHlsR	gqKdUVTMzzc	097391262665054	198776873254	info@AvdWzOiORRWWXyrHlsR.com	9979027d-1672-4108-95a4-eb5d346545a0	\N	\N	2019-02-14 20:43:17.549358+03:30	\N	\N	{}	1	0	DXeZRZgBpFHzAnFfECCbgQfmZJQTlRsppXqi
acaddab5-40a5-4010-bb86-6f833d994505	WjObSpEFujlxNMddUrD	IyOBqfSpVcOULcv	71868078669	185966175563	info@WjObSpEFujlxNMddUrD.com	9979027d-1672-4108-95a4-eb5d346545a0	\N	\N	2019-02-14 20:43:17.565537+03:30	\N	\N	{}	0	0	VdEQjystmepXCaNIeWQMoXkjwPYmQOrlUXeDVy
db5fac43-3d11-4119-aceb-7ba161adb33a	HcOGHoTPuSfGieStCKR	aIgocfufBUbIY	159442000081719	093473178253	info@HcOGHoTPuSfGieStCKR.com	9979027d-1672-4108-95a4-eb5d346545a0	\N	\N	2019-02-14 20:43:17.578937+03:30	\N	\N	{}	1	0	lUDSGaungFZoihbxifOPrwcjzsDXngTAcWTjYpWEuXVEgYBOg
eaa3b127-eb02-47ad-8954-e270578d7f25	FXQhiPBOmpuFpXckica	hUfCZMaCCGWI	65241420103404	622727519006	info@FXQhiPBOmpuFpXckica.com	9979027d-1672-4108-95a4-eb5d346545a0	\N	\N	2019-02-14 20:43:17.592391+03:30	\N	\N	{}	0	0	UcZNVDgzTQARSArgKWUAhEyvOHLeTJQPO
6b2d5442-304d-4880-b84a-1fdf4ca57f68	djslKoeLFYnZEavAac	AzuImYDYpvmGYx	35390816552	125658899347	info@djslKoeLFYnZEavAac.com	9979027d-1672-4108-95a4-eb5d346545a0	\N	\N	2019-02-14 20:43:17.606181+03:30	\N	\N	{}	0	0	VuVSVHZkywhmGChqvdcQdPMzmXWNeiKzFgtanTnlPwzVahnVK
c64f4c7c-ee22-469f-a69c-bc8689d6a31d	lPfaOtxNGEXRfcZZDM	SZLOBIoKvKwKXL	35518176824	733377896464	info@lPfaOtxNGEXRfcZZDM.com	9979027d-1672-4108-95a4-eb5d346545a0	\N	\N	2019-02-14 20:43:17.619802+03:30	\N	\N	{}	1	0	IAzvRZYEUPyvdkBTwhpvgcwTeylwKbYubXRUwSZshXPmjRhfa
f962797a-c051-4cd5-8a51-ef99e0488aa4	DibzBFyPdkSBHtAAp	SORbNJpZCXEcVjm	9051301992	073976493380	info@DibzBFyPdkSBHtAAp.com	9979027d-1672-4108-95a4-eb5d346545a0	\N	\N	2019-02-14 20:43:17.633412+03:30	\N	\N	{}	1	0	VtlEIJPYnYfVuEFyyRDJaDjEGbsyPJOMfbRnkIL
5b51338b-1776-463a-9172-7c5fa7066404	sVZzscQuTmSzfqJ	MtAEqtmYKcbRzKJ	91797144284939	360540484403	info@sVZzscQuTmSzfqJ.com	9979027d-1672-4108-95a4-eb5d346545a0	\N	\N	2019-02-14 20:43:17.674933+03:30	\N	\N	{}	0	0	DmzOhydtUoTJyYsttLKNmQDYvDPBxFtATUqAS
ca469bf6-7800-411c-9019-475bb60bd08e	VPHoAhpsDifNXRFb	AGhdfOyHhSxh	9528928205410	253623975142	info@VPHoAhpsDifNXRFb.com	9979027d-1672-4108-95a4-eb5d346545a0	\N	\N	2019-02-14 20:43:17.698186+03:30	\N	\N	{}	0	0	oYvJDXNWbzHvQZWuPrGIBSItjPazFRitpFesFsqgrxEkX
f5598ea6-203f-4eeb-9572-3556cb47d550	GmtMvvGfQqWSpDjXZAd	UKvLqPkuzjZ	40875409280	311626668375	info@GmtMvvGfQqWSpDjXZAd.com	9979027d-1672-4108-95a4-eb5d346545a0	\N	\N	2019-02-14 20:43:17.712344+03:30	\N	\N	{}	0	0	LrnkBlDXGUzGCSECCiNlIZyOGwQZlIFxcthdGMAN
828efdc9-419b-4d78-a864-7c94e7b1af39	zTLtANviaJScHhKDxLRF	OhmXmsMmhVOdI	11913691349	179303265923	info@zTLtANviaJScHhKDxLRF.com	9979027d-1672-4108-95a4-eb5d346545a0	\N	\N	2019-02-14 20:43:17.725859+03:30	\N	\N	{}	1	0	uRHCBMzgzWwgyvTLZeIVXyGaaPPzoSdikkMlwLtXiRDI
034f4215-b3d2-4ffa-8dab-b4a42b16c942	yTNFEiEepehgVgVQJ	AVsNtfiQNbv	761873719408014	739585872896	info@yTNFEiEepehgVgVQJ.com	9979027d-1672-4108-95a4-eb5d346545a0	\N	\N	2019-02-14 20:43:17.739746+03:30	\N	\N	{}	1	0	boBwRcVEHBItNsdGacjPEiYsBMrNOQsSFVOyxkeglmayGfgI
3541e04b-cf64-4575-bad9-eb699bebdbc2	QznazgDMzQCPIUUdjuCv	jImliVQPdz	19367244191	501665976739	info@QznazgDMzQCPIUUdjuCv.com	9979027d-1672-4108-95a4-eb5d346545a0	\N	\N	2019-02-14 20:43:17.76304+03:30	\N	\N	{}	0	0	JHmJqTYzzTjsNoPyaGEtJFqieXQRoIayrojhjHgia
cef175d2-e652-4b13-9292-a0654dc41c19	CPgRNiYSDhztPFQHWhPY	ioOPXxvGXnIOv	53096341890449	448165015860	info@CPgRNiYSDhztPFQHWhPY.com	9979027d-1672-4108-95a4-eb5d346545a0	\N	\N	2019-02-14 20:43:17.779239+03:30	\N	\N	{}	1	0	FBhiDDqmXrMxJWtIwROgCKDLDadTkcZpFHzIKpuJ
e57c1eff-0ea2-4efa-b6b7-e50c776588ec	jGqFbbBtRhvcNifn	bAQApyjRGVGd	72929579608	054650774502	info@jGqFbbBtRhvcNifn.com	9979027d-1672-4108-95a4-eb5d346545a0	\N	\N	2019-02-14 20:43:17.792528+03:30	\N	\N	{}	1	0	ZuaCBpqnXjcIeKLLnpEDbpfoyYCZqDsPxStbkjqjTSUZcf
b5cc7729-1faf-4b89-8919-cd0d11c29aee	rwRXYGCMFaqGtty	TteudNkMge	0818549002	699172091587	info@rwRXYGCMFaqGtty.com	9979027d-1672-4108-95a4-eb5d346545a0	\N	\N	2019-02-14 20:43:17.806047+03:30	\N	\N	{}	1	0	alqjPyRxmjzyvXKNyiMEZRamYJRxWTaxEsgUrxtFIU
0939a8ba-2b83-4e81-983c-413160607afa	fspsSXgWZZZLyKEvhXxG	qmAhLtOvORbi	365696527746	732770795075	info@fspsSXgWZZZLyKEvhXxG.com	9979027d-1672-4108-95a4-eb5d346545a0	\N	\N	2019-02-14 20:43:17.819808+03:30	\N	\N	{}	0	0	CZXkwzRAaAeCthNvggtEiySVcpwDausEvrQrSJstJWXffka
8c1ef835-5c4e-42e7-af49-8b25a281abab	tvrbulYyaUdcqVglowdG	xbPvzWaLxOgU	5052494563488	517128415505	info@tvrbulYyaUdcqVglowdG.com	9979027d-1672-4108-95a4-eb5d346545a0	\N	\N	2019-02-14 20:43:17.842986+03:30	\N	\N	{}	0	0	HQDrHWzXsfpqaDUjiXYTIjjJQzIAaEWJwCcfYDDQjUiJzD
9c7f03b6-d826-4983-9e01-928e8a8a83a9	hCtcLEMwwLExNkvWIZz	yCTqlnZXOETYio	784593980139	726945948492	info@hCtcLEMwwLExNkvWIZz.com	9979027d-1672-4108-95a4-eb5d346545a0	\N	\N	2019-02-14 20:43:17.858796+03:30	\N	\N	{}	0	0	aTpDohTGaXDQnlCebpUhapGFXWKcAucbNRGebBMdYPuoAYSDNn
456ab45a-8f3e-4664-99f9-c496966e3959	PESUboeDRBHUqBaUE	ghcYDsAbmEoBofF	423418738860466	145329607728	info@PESUboeDRBHUqBaUE.com	9979027d-1672-4108-95a4-eb5d346545a0	\N	\N	2019-02-14 20:43:17.874476+03:30	\N	\N	{}	0	0	fooGXzXGuHISWDWMiIGJZUMpUUyWsnezDuFCtcJQMRKiwhWeRE
4477736c-4a65-4075-9ee8-a20206e6b566	qYEHsYirQVxrYrwb	BMEpFPzeYV	950110812884	116235163594	info@qYEHsYirQVxrYrwb.com	9979027d-1672-4108-95a4-eb5d346545a0	\N	\N	2019-02-14 20:43:17.888436+03:30	\N	\N	{}	0	0	YgxJxylIXRbtVbdRZngXnrwcgluJfCmELLpkmCtlTU
bb1f9fc8-2c90-43fb-89c5-7b81a4b97fd4	QvkJUXprmIPPoAJ	InMMyXdjJfEv	6183598645	032133916975	info@QvkJUXprmIPPoAJ.com	9979027d-1672-4108-95a4-eb5d346545a0	\N	\N	2019-02-14 20:43:17.902183+03:30	\N	\N	{}	0	0	wgjADJAEbvqaLaqXxPyjEdiPpVOoiMtGUciXOiERF
c8a6061c-6d92-4ae7-a435-498a6a1477f1	sRwKQuBqFFTQwINmx	zSdTWLTMVXeatyT	8958919736564	756099363633	info@sRwKQuBqFFTQwINmx.com	9979027d-1672-4108-95a4-eb5d346545a0	\N	\N	2019-02-14 20:43:17.915529+03:30	\N	\N	{}	0	0	HExsPletGVqrJvpkaKJyIetVSZDFKnluTLOjYsEeNuxXpOHr
956244cf-0f9f-4b5f-a3da-8155d88bc723	sqIXLdpkIvXvItPvHaT	eZoAWnpkWJk	10003351009	982080501128	info@sqIXLdpkIvXvItPvHaT.com	9979027d-1672-4108-95a4-eb5d346545a0	\N	\N	2019-02-14 20:43:17.929239+03:30	\N	\N	{}	1	0	KDCXSdrgsRMrampfZIbgKxinZlgBjNTWRVtLb
4299177c-20f8-4e0e-baea-4e7409181088	sTFEmISDnsLPAVoKkOv	PHeKFXIaij	20064055534231	739830357641	info@sTFEmISDnsLPAVoKkOv.com	9979027d-1672-4108-95a4-eb5d346545a0	\N	\N	2019-02-14 20:43:17.942552+03:30	\N	\N	{}	0	0	eDRIzAAbBTSWBBTEYaTlcWNOIAEovVDBAxlzxlCyg
4e22350a-cc64-40ab-907c-6e8a84fbbea3	whZPNZpgKRfAHnA	bYJHZlELkBwObF	3042873866	068608875083	info@whZPNZpgKRfAHnA.com	9979027d-1672-4108-95a4-eb5d346545a0	\N	\N	2019-02-14 20:43:17.955662+03:30	\N	\N	{}	1	0	uFMVKysZiGBUhlsdBoFDMxJJyyfkro
f81f8e46-6b5c-4bfb-9b92-9857fccbe6d9	ltuiEVCFfIGzRTr	UHcAUCldAkk	12575871740	622463143549	info@ltuiEVCFfIGzRTr.com	9979027d-1672-4108-95a4-eb5d346545a0	\N	\N	2019-02-14 20:43:17.968491+03:30	\N	\N	{}	1	0	uKyeXdCSuTMutzYvumIoSMBxMWFpnODhAdnXGpSBleveGvB
0b8a8701-a52d-4db9-ad1f-9619b683ee90	hlQcxRZmQebfVGpVj	VpuPqfVNlb	4164103315	486585432152	info@hlQcxRZmQebfVGpVj.com	9979027d-1672-4108-95a4-eb5d346545a0	\N	\N	2019-02-14 20:43:17.982188+03:30	\N	\N	{}	0	0	bCBodJeJDecxgptTuviDuecOKeEfakSdOTtsFABIGFGmXbGRy
e7d9104d-9328-4648-974a-33fe95b94521	UsuZiEfOjibCnpVJhCJ	LPstCPUIgu	304005570386	100585796962	info@UsuZiEfOjibCnpVJhCJ.com	9979027d-1672-4108-95a4-eb5d346545a0	\N	\N	2019-02-14 20:43:17.995987+03:30	\N	\N	{}	0	0	CniCswxWtwHEibqvithyeVzeVPtNicCk
8ced8136-e149-420e-bd9d-cbbf38f9ac6a	knjhMhakoGSPYpZRWX	UyCpOXewzgIqtX	872279664214763	803923346481	info@knjhMhakoGSPYpZRWX.com	9979027d-1672-4108-95a4-eb5d346545a0	\N	\N	2019-02-14 20:43:18.009168+03:30	\N	\N	{}	1	0	UtPDZLajZoVccwCQAYCFjeiBCLzKGSq
464f2cc6-c107-44b0-8303-da02bd57ff3b	niFMtfXSUsuYQZoQxSy	wgKaTllBfDESlJG	5507739906	782610050347	info@niFMtfXSUsuYQZoQxSy.com	9979027d-1672-4108-95a4-eb5d346545a0	\N	\N	2019-02-14 20:43:18.022992+03:30	\N	\N	{}	0	0	NCtXIAoNAZKXiYvIGRBKzqWsFexioG
fec2cd36-e907-4a13-8d35-8bab4d683f92	dkjAtLQioptLAtjkz	llbbHThORPezFH	2820656805218	046727276205	info@dkjAtLQioptLAtjkz.com	9979027d-1672-4108-95a4-eb5d346545a0	\N	\N	2019-02-14 20:43:18.036805+03:30	\N	\N	{}	0	0	YYRpIVRkkheUMYxzDZpvmHmjVPVbGKhfKyUSvNeIWJ
d10237fd-f43a-4c83-999f-66e13bf6b716	mobin one	m-one	0002	096628816579	info@m-one.com	9979027d-1672-4108-95a4-eb5d346545a0	\N	a2e60f5a-1df2-480d-a034-8d096a9aa83c	2019-02-14 20:43:17.660472+03:30	\N	2019-02-15 22:09:08.816455+03:30	{}	1	0	ENhvIVThfIVKhfXbQaquYEtwiftHNsxRGGoqbHXi
8ebd9b1a-5a45-4b9a-a69a-cb39750ef372	iJaJMbzjqiWZfNuHT	oaqmukhjrp	888569498973148	392334677470	info@iJaJMbzjqiWZfNuHT.com	9979027d-1672-4108-95a4-eb5d346545a0	\N	\N	2019-02-14 20:43:18.050486+03:30	\N	\N	{}	1	0	anUqZQPzQQIFzoUpIFnwyAnKAYHJsujuKgkLYcKQsSWTiSkrzX
1dc15725-a979-4240-91c9-a7d8e37686c7	ZACkcCrlXNwRXECiFe	VynrRxlBQkBgKd	0755886278	962751507470	info@ZACkcCrlXNwRXECiFe.com	9979027d-1672-4108-95a4-eb5d346545a0	\N	\N	2019-02-14 20:43:18.064299+03:30	\N	\N	{}	0	0	nLqxocTVRIndiFjkAqVcgaarurYntiVIt
4f3205f9-4ba9-4147-b367-0979ccc985f3	hJQcGhktnvyWfbocfUCh	YAMMWWJerxoApQ	299987114842	252502382061	info@hJQcGhktnvyWfbocfUCh.com	9979027d-1672-4108-95a4-eb5d346545a0	\N	\N	2019-02-14 20:43:18.078418+03:30	\N	\N	{}	1	0	lWbTVcWGAAqfEqLQKyKThgPgwKoSTWFhsgApkzwMzOr
965d4488-872a-41c2-ba92-be907ed41d0e	EfwOFihmOZumjKgeIlLd	oSFnOROcltIsR	7545933709052	237638320949	info@EfwOFihmOZumjKgeIlLd.com	9979027d-1672-4108-95a4-eb5d346545a0	\N	\N	2019-02-14 20:43:18.092562+03:30	\N	\N	{}	1	0	XKyUOeHfkoLYfXTHwyMPskQCaiBsNuTkhtEvYLCIzNIGkc
1f2d31bf-c7cf-4448-8120-fc23be3e1de3	hCCYWOoAoyChLYcvF	bcuOfepUOwFqmO	86973135385636	344381981566	info@hCCYWOoAoyChLYcvF.com	9979027d-1672-4108-95a4-eb5d346545a0	\N	\N	2019-02-14 20:43:18.106147+03:30	\N	\N	{}	0	0	CcqtvVYPpdMRSiufKVTqqVdRNkjBZrDDTWwrTwiIauC
7e024759-00c8-4fcb-83df-6cacca332626	dwzPuShMomGdypHXg	DbIbucYcMyXO	0301564162	666582110020	info@dwzPuShMomGdypHXg.com	9979027d-1672-4108-95a4-eb5d346545a0	\N	\N	2019-02-14 20:43:18.11958+03:30	\N	\N	{}	0	0	DcsCTneihZrVBoyrsgHMVvpYOVkJvADadwcYL
b594e1e8-2657-485c-835a-2ee9bab07b06	GsHZNINnbhvjusG	RVIBGDeJGjF	5873222637	853931420164	info@GsHZNINnbhvjusG.com	9979027d-1672-4108-95a4-eb5d346545a0	\N	\N	2019-02-14 20:43:18.133355+03:30	\N	\N	{}	1	0	eqLNYuwQnlBLbDwesJPdEWjiohJqJqYnJLchhYxUl
bbe500c6-1dbe-4b6e-8a98-4290bdee00b3	gMdcrWlGbSFmcVwOM	gMtpXxyFywZ	276227891750820	029006472666	info@gMdcrWlGbSFmcVwOM.com	9979027d-1672-4108-95a4-eb5d346545a0	\N	\N	2019-02-14 20:43:18.146454+03:30	\N	\N	{}	0	0	tDjRHVghVGiOkykkKUYcNYmvwyDAgICanOrWLADIilXSMHfWED
65de5748-b037-4214-a221-fbae8647da8e	tENocLTcsDfuSVNogNr	vFoqRXVPDYOwE	2286347662364	526372304457	info@tENocLTcsDfuSVNogNr.com	9979027d-1672-4108-95a4-eb5d346545a0	\N	\N	2019-02-14 20:43:18.160323+03:30	\N	\N	{}	0	0	CTUqbjyktmAyQNQKHXYtarwvDyJfDAwhvRYWcyHxkjvcxnPg
5230e14f-e9ae-491e-821c-2ae8f7a43053	nBNfxJKXSpbuOIpH	MjHvgTeEwbrn	62787654273	215148137482	info@nBNfxJKXSpbuOIpH.com	9979027d-1672-4108-95a4-eb5d346545a0	\N	\N	2019-02-14 20:43:18.176138+03:30	\N	\N	{}	1	0	EwVrgAupsbztXhohqegkmPmFEzUefpIk
b926671d-91db-4150-a1a9-8c7d22f8f19b	GbRGViaZKTwrjFiOOucd	hJHdQOSAyEGCxo	86029531435	935189849343	info@GbRGViaZKTwrjFiOOucd.com	9979027d-1672-4108-95a4-eb5d346545a0	\N	\N	2019-02-14 20:43:18.189999+03:30	\N	\N	{}	1	0	KXuazCpzUaAFTHZeDORFMmQQkTLcyhBIgvjfZAHVa
2a71ba5b-ec1f-44f2-84c3-81c95db354cd	aWOzcSOuXaIPSUKGwIPZ	vUEbVgiqGpR	68544732521547	847171501947	info@aWOzcSOuXaIPSUKGwIPZ.com	9979027d-1672-4108-95a4-eb5d346545a0	\N	\N	2019-02-14 20:43:18.215705+03:30	\N	\N	{}	0	0	eCeXLgFOFOZVRgvaMFaRlVSUspkYDiyJkEgwkOKpcMK
1c4d47b5-28ed-4ca0-b164-6684c5002031	UhvIPVZAqUwKJgLMOJ	zOGXyUhQwVCtSM	2190128329	348743784374	info@UhvIPVZAqUwKJgLMOJ.com	9979027d-1672-4108-95a4-eb5d346545a0	\N	\N	2019-02-14 20:43:18.230096+03:30	\N	\N	{}	1	0	byNtmdUprwUvUvNBDrvCePzjSwmNCKIdIVXubrjSPDpLaCMetk
770a6b6b-a958-4b96-8a97-6be5eef5ab35	zbjKtfZihjrLToKNPdY	sDyfdBrjWDryf	224918285969488	507211704302	info@zbjKtfZihjrLToKNPdY.com	9979027d-1672-4108-95a4-eb5d346545a0	\N	\N	2019-02-14 20:43:18.253003+03:30	\N	\N	{}	1	0	LATtJelegoRXBuFruwdymSHdbzvPLKiyKBU
22852710-df2f-4f32-8b8b-1bee648d9233	gFCoWTLzNsrkpwibP	hSschEOPeBsyZAg	3446189820561	104549754426	info@gFCoWTLzNsrkpwibP.com	9979027d-1672-4108-95a4-eb5d346545a0	\N	\N	2019-02-14 20:43:18.266722+03:30	\N	\N	{}	0	0	TgSkKQoMcJIAXZGNhFLjxmSUDsWVLXoGfGSqy
1e6756a9-9ac3-410f-af93-1ccf85f2edff	ebsmbPoiExPQhMebh	UfeHeSpKAHcyN	9703541526	911288896744	info@ebsmbPoiExPQhMebh.com	9979027d-1672-4108-95a4-eb5d346545a0	\N	\N	2019-02-14 20:43:18.280719+03:30	\N	\N	{}	0	0	kpYjfGMoapNjETRjogCQWeAJJrevzN
13b74622-7033-4c26-8db8-bc3f6258e2ed	kervlZHaAZnLFicQzI	PGYrrKiWFKjZ	541184385831	134589724705	info@kervlZHaAZnLFicQzI.com	9979027d-1672-4108-95a4-eb5d346545a0	\N	\N	2019-02-14 20:43:18.294176+03:30	\N	\N	{}	1	0	FAjbpbUsVUtPWmUdNBcnuWEupoNRHCzMCKnTmjM
b99f90b8-cc1d-4404-bf4b-c0e2610eefef	EhzaTTfIxjvrGbNvQaMX	oMGybCMLOwPvvR	8679577720807	835047980208	info@EhzaTTfIxjvrGbNvQaMX.com	9979027d-1672-4108-95a4-eb5d346545a0	\N	\N	2019-02-14 20:43:18.307908+03:30	\N	\N	{}	1	0	vYMNwoBgLgtlAGcvfqvssBHVljKjjpE
3a289ca7-fcab-455f-8956-52934c7b7821	OtUKhVSUdohduJBZb	tTxcpKMztXQZee	69333527971868	495708307212	info@OtUKhVSUdohduJBZb.com	9979027d-1672-4108-95a4-eb5d346545a0	\N	\N	2019-02-14 20:43:18.321626+03:30	\N	\N	{}	0	0	YyHpCeBZGAGMuxuoPxccAsfmwIsXCYFbzMs
9b7df001-8bf0-4f60-a2a3-1073e6d7edfb	TVeZWlNQiIEZhIBhAIvY	oYToduPRPUk	98245869736146	798036727011	info@TVeZWlNQiIEZhIBhAIvY.com	9979027d-1672-4108-95a4-eb5d346545a0	\N	\N	2019-02-14 20:43:18.335155+03:30	\N	\N	{}	1	0	vLlhSxhsrQvKhjGfznYnJKAbkRnBAO
fe320ef8-9897-4f8c-829b-183b9df3200a	YBAFvxOooHLaouJTVwTJ	FJJpawTDmGbP	0165936452321	927508073640	info@YBAFvxOooHLaouJTVwTJ.com	9979027d-1672-4108-95a4-eb5d346545a0	\N	\N	2019-02-14 20:43:18.357937+03:30	\N	\N	{}	0	0	hZspMAQPxWexsnFJtmuJBMhBvkxWqjHXlbpZbFpZcTWwibGbqc
94c307a3-b6a6-4327-b1b3-8ef617431b1d	rQWVLGSJxesUPTlQv	hUvASrKtZmLdyDt	85944669874461	134873275220	info@rQWVLGSJxesUPTlQv.com	9979027d-1672-4108-95a4-eb5d346545a0	\N	\N	2019-02-14 20:43:18.374264+03:30	\N	\N	{}	1	0	QlXxoSPQqapGFzmGcbccRPTSYMItjxszjswz
c5997855-616c-4377-ad69-95695fe899d6	nQAqhGvIUdkwFMpxH	VUsqDpjCADaANps	598830252994285	016753354575	info@nQAqhGvIUdkwFMpxH.com	9979027d-1672-4108-95a4-eb5d346545a0	\N	\N	2019-02-14 20:43:18.387615+03:30	\N	\N	{}	1	0	PMwnPFfvaYIHGTYXbgJZUMLlPXdTxKqoWPbNwikz
8f997944-6f3f-4d85-87a2-43cbd3830aef	tiooGoPPxQLJbwYbBTA	momdrzZZkYI	145100454180257	271237586756	info@tiooGoPPxQLJbwYbBTA.com	9979027d-1672-4108-95a4-eb5d346545a0	\N	\N	2019-02-14 20:43:18.401028+03:30	\N	\N	{}	1	0	HOwcgIMMupEoVULclaLqCGhIUAPHCWfKNDmtLbFhsJyp
1a8edcb3-9b6c-4262-ac88-c1ed60f504bd	JtrLEhOKryGrpNVLUHYX	tLxzspkqGq	77152777712442	994852545251	info@JtrLEhOKryGrpNVLUHYX.com	9979027d-1672-4108-95a4-eb5d346545a0	\N	\N	2019-02-14 20:43:18.414289+03:30	\N	\N	{}	0	0	zGuIuZzXOIbllTWHbDogjoGDofPeQVZQcwAWVz
bcc03f11-2866-4f16-b0b7-b3f5a6c5105e	MIwZtsXcTaQbmgJR	oIbhdAZFwZDSZBG	9583365308776	446570505421	info@MIwZtsXcTaQbmgJR.com	9979027d-1672-4108-95a4-eb5d346545a0	\N	\N	2019-02-14 20:43:18.42743+03:30	\N	\N	{}	0	0	kgIJLmDqwswWkrFmcJFwQEWAdCEbNeaZmKKxYNQUhMqu
3e488efd-7cd0-42d7-a750-b7a3898edf90	wgHhlgaSCavgGytk	SWidviSLCczsWf	6002460961	659077478959	info@wgHhlgaSCavgGytk.com	9979027d-1672-4108-95a4-eb5d346545a0	\N	\N	2019-02-14 20:43:18.440538+03:30	\N	\N	{}	1	0	tYRPDiVSINokXNKcTSfuKinAvKNSDmPwnhnqrIk
cb5e6f24-ff4e-49d0-9269-47890df93a84	WZLtmVyhnFbZoPZLBmeE	VcoCPGVzrwxsH	00747078029	704973990077	info@WZLtmVyhnFbZoPZLBmeE.com	9979027d-1672-4108-95a4-eb5d346545a0	\N	\N	2019-02-14 20:43:18.453589+03:30	\N	\N	{}	0	0	afqJyxOPlJmceYjzySHeisgZRMIZNqXPVqZU
47599f83-89f7-4976-a87c-e4b600705c4c	PjYAVAeWLeUeNzoGfN	TVYILYYJOxdBMoB	417655016990	801482726481	info@PjYAVAeWLeUeNzoGfN.com	9979027d-1672-4108-95a4-eb5d346545a0	\N	\N	2019-02-14 20:43:18.467253+03:30	\N	\N	{}	1	0	XMkLyOGiDfmaSSJmEhGKDzYlrKbytzhsLSfJgmTLRhljbWW
4681b2b4-537c-40ee-9a5e-29e2eaf20644	fcqjDqUXAXVVWeNJw	uceNPYXcHyyF	6807561808	132804931500	info@fcqjDqUXAXVVWeNJw.com	9979027d-1672-4108-95a4-eb5d346545a0	\N	\N	2019-02-14 20:43:18.48141+03:30	\N	\N	{}	1	0	hHWHMcNyBCoPnAewKpDyOvKHizGjgeiplgwZJKYmooB
115a36fd-79d8-4ac3-81e3-b40e29bff665	QHAaxfALanuJmAU	eeHrLgtwSR	07909104252389	161768787442	info@QHAaxfALanuJmAU.com	9979027d-1672-4108-95a4-eb5d346545a0	\N	\N	2019-02-14 20:43:18.494894+03:30	\N	\N	{}	0	0	JwMqkXQDJQvbUaTkzwOYxKEAScrGUFMGeZwOYotJgok
7b2fc8a7-4482-45ed-ae30-13fa465265ff	qflpDzNAlSBgWUmS	zYHYxVYlqhS	4523895717	746361544838	info@qflpDzNAlSBgWUmS.com	9979027d-1672-4108-95a4-eb5d346545a0	\N	\N	2019-02-14 20:43:18.516088+03:30	\N	\N	{}	1	0	mQbvKGpFerlQwUPBpIkRzOEIuSqigVTSO
e899d57f-9fa2-4ede-bb0f-7f1f51bee88e	OYcfeHWrXSMOwdy	uZubhptAzaxS	7226962623	755747152387	info@OYcfeHWrXSMOwdy.com	9979027d-1672-4108-95a4-eb5d346545a0	\N	\N	2019-02-14 20:43:18.530203+03:30	\N	\N	{}	0	0	tVvrPQegaqxogZdqYknlPqYanIfLdeEz
df4cfbf1-8eda-4e22-bf9e-bb6cf64d667a	cSTswzSnYjvxMNVY	inrGNGqURTyxuaZ	99700801919189	407831434165	info@cSTswzSnYjvxMNVY.com	9979027d-1672-4108-95a4-eb5d346545a0	\N	\N	2019-02-14 20:43:18.544302+03:30	\N	\N	{}	0	0	DuZwftIfpfDGOMwVasPHWyuOayBEbjIeGhDNCL
a249cc68-b30b-4369-b800-c036c6aa7dd8	rrYZFMVDmNuVjtPZvpCz	OHXUQCJSNelgCK	851629558805	644835071616	info@rrYZFMVDmNuVjtPZvpCz.com	9979027d-1672-4108-95a4-eb5d346545a0	\N	\N	2019-02-14 20:43:18.557752+03:30	\N	\N	{}	0	0	RLqfBxYetjbYQQgrtrurPfMkhjOcwyJpJ
59520c7f-e067-4b99-a4cc-7eb1e0c4022e	UnxsRqDUrTkXnGqJxGoK	xVgaRejGQK	9542460735	095347803963	info@UnxsRqDUrTkXnGqJxGoK.com	9979027d-1672-4108-95a4-eb5d346545a0	\N	\N	2019-02-14 20:43:18.571133+03:30	\N	\N	{}	1	0	RQMhbOkKlgkLxdEyWNhFepukIBQwox
ab2485d2-3917-4713-b58e-b220018d400d	FqpnRgzDRgocdtIDPxMU	BqoJrghfeLNU	2981415094	233738316624	info@FqpnRgzDRgocdtIDPxMU.com	9979027d-1672-4108-95a4-eb5d346545a0	\N	\N	2019-02-14 20:43:18.584788+03:30	\N	\N	{}	0	0	fOjsKLUzUwstDAXQeJHYULOIQuMGuweCnNuZ
5eada693-fa04-415c-8b75-60bf888b6f71	PZVntOqVliAWSATdOb	kPzHLeJyTfAUWZR	22455254435	946074946873	info@PZVntOqVliAWSATdOb.com	9979027d-1672-4108-95a4-eb5d346545a0	\N	\N	2019-02-14 20:43:18.612702+03:30	\N	\N	{}	1	0	AQQRZmxddTQVLUoWeyMgspitFSHwWYn
aca1b531-0ab6-4912-a91b-da4b5b296441	QfnqRNvvILsTIIR	GduyuFTzXa	77519939041528	762008393384	info@QfnqRNvvILsTIIR.com	9979027d-1672-4108-95a4-eb5d346545a0	\N	\N	2019-02-14 20:43:18.629138+03:30	\N	\N	{}	0	0	LOLOaehRlTZJAhpsgQxoknfhYwYOgrEThPhHt
eb50f977-644c-4150-908c-a4c0b939d514	AHKCsmjKGPCDgnrnwPjx	PQKjxBshWL	595818286258347	685611224591	info@AHKCsmjKGPCDgnrnwPjx.com	9979027d-1672-4108-95a4-eb5d346545a0	\N	\N	2019-02-14 20:43:18.642919+03:30	\N	\N	{}	1	0	bZUKzDFjtPxPhzzmZbawlFjFUvCfpWBQXVCyZHhuyGJHhl
357dfd12-de4e-4adf-a947-b67dca6768df	GoTeaZNHVlKAaIdqHz	FAcOuCwEKeRf	159148171913	278325583205	info@GoTeaZNHVlKAaIdqHz.com	9979027d-1672-4108-95a4-eb5d346545a0	\N	\N	2019-02-14 20:43:18.656514+03:30	\N	\N	{}	0	0	pVaeaBViddxaXazqLBcDDGcgorEACIXUdZyEavOfAnFXN
65e470b1-dc80-4ecb-a6ac-74b6642ad337	qYhubMAftQyZQci	YLoWrOtFVus	154312304377	754631200940	info@qYhubMAftQyZQci.com	9979027d-1672-4108-95a4-eb5d346545a0	\N	\N	2019-02-14 20:43:18.669945+03:30	\N	\N	{}	0	0	GcmIWTThxLnFrUVtSiUIAFprBjgpUqLaTxKRsdyRo
224add31-1538-4fef-a5b2-eeed440418e6	XIisBACxkDCZWDleVF	gHPFtgxzHPnU	94844812370397	668059504275	info@XIisBACxkDCZWDleVF.com	9979027d-1672-4108-95a4-eb5d346545a0	\N	\N	2019-02-14 20:43:18.684084+03:30	\N	\N	{}	1	0	nrcuZdAKaTxCnjJsaNGmxbOmRyAHpekExMyzRzJsuiWJRfdUU
7bea6f68-6004-43d5-bf02-59f42d4fa9fa	GRKUDDSfKjJWQjjO	ApTULBqUvxxPRg	40250850281	962926093054	info@GRKUDDSfKjJWQjjO.com	9979027d-1672-4108-95a4-eb5d346545a0	\N	\N	2019-02-14 20:43:18.69803+03:30	\N	\N	{}	1	0	xGYGbjAtYWGtHCAmqpcsRuMjJUfPUWWtEubIFcB
3eb7d797-4f34-4121-a317-9fe78ad35f6c	ajzhNzvDRXYiSMt	gBScXQycLZk	77427270158802	868875614316	info@ajzhNzvDRXYiSMt.com	9979027d-1672-4108-95a4-eb5d346545a0	\N	\N	2019-02-14 20:43:18.711708+03:30	\N	\N	{}	0	0	KwUAvAZtqnSbhJLzJOefURCwgZNWXtliqFKliLeYy
8398e58c-139c-4f01-8911-d6d94805bd04	bIhmHTANyweBVnaKJ	EWjuDtHlENlfl	1374498640	717369722960	info@bIhmHTANyweBVnaKJ.com	9979027d-1672-4108-95a4-eb5d346545a0	\N	\N	2019-02-14 20:43:18.725251+03:30	\N	\N	{}	0	0	aFPhrfUmGrAKzMmpCLTtShmGSnPilgLLNCtEipqQ
c3f92b76-06b0-4285-b264-5d706a0e1f7b	SCHfoxJbQCuZRcrErBR	pcNrxtBPMSv	4995022012	427662971543	info@SCHfoxJbQCuZRcrErBR.com	9979027d-1672-4108-95a4-eb5d346545a0	\N	\N	2019-02-14 20:43:18.7524+03:30	\N	\N	{}	1	0	AEYubePGociiQeHbYxllTrbGxfyPePDevDZWiQdyUngkSQLqN
f35e996c-392f-42a2-8ffd-c3a0ab01e667	DJQePNlpFrEkWzoX	ynbwjqETIUHaKI	3064474312130	289719074942	info@DJQePNlpFrEkWzoX.com	9979027d-1672-4108-95a4-eb5d346545a0	\N	\N	2019-02-14 20:43:18.767996+03:30	\N	\N	{}	0	0	ASMvTYGJxiEmmjZuHLYAkFSUdoYJeKrHFfCYDk
6807856f-f1a8-45e2-8785-820b2cad70f6	BSNPhYRDfccIphaJKOJv	UnbZSeZyqi	7700199925357	277293265303	info@BSNPhYRDfccIphaJKOJv.com	9979027d-1672-4108-95a4-eb5d346545a0	\N	\N	2019-02-14 20:43:18.7817+03:30	\N	\N	{}	0	0	rAXEXqySZYVNZgSIRJeQJXkdbfWZEQy
c294e9d5-7df7-4285-b170-9226c0581bab	QxcPnChpafCcLxkdGq	PNdsQkqSQGQ	6981164635	195927692970	info@QxcPnChpafCcLxkdGq.com	9979027d-1672-4108-95a4-eb5d346545a0	\N	\N	2019-02-14 20:43:18.795011+03:30	\N	\N	{}	0	0	cEuKUiIJaxOwUgtxFuKagEeksYdlLPOnTIanSiZU
32212608-0213-4fee-b851-7aa97e17296d	nRcwmBdhofNslZk	CVVSMkNUKd	50319255328	629572994942	info@nRcwmBdhofNslZk.com	9979027d-1672-4108-95a4-eb5d346545a0	\N	\N	2019-02-14 20:43:18.818676+03:30	\N	\N	{}	1	0	YhpBwmDgrwIAOzjIXhikAWWcTndOxO
eb43fd38-c44c-417d-85d3-3e1d685618f2	VvKWsxBAoyIpMIAU	JfQmdOOYBTmzhfw	612302567847	366442134965	info@VvKWsxBAoyIpMIAU.com	9979027d-1672-4108-95a4-eb5d346545a0	\N	\N	2019-02-14 20:43:18.833232+03:30	\N	\N	{}	0	0	mhcqzXPqrnyOUuwlvbiFNyBcBnQisSpezRwbQLRkb
825cb12f-1c25-4f49-8772-7ff805500842	yvOuJJyTOnRPQveIdWau	ZoYcEMWonNmKbJ	298088725944368	882058439003	info@yvOuJJyTOnRPQveIdWau.com	9979027d-1672-4108-95a4-eb5d346545a0	\N	\N	2019-02-14 20:43:18.846808+03:30	\N	\N	{}	1	0	fCStcQBufEpBMjyrEYhyaEIzQFNqpCZUgTNJjrfO
dc4b7fea-6ed7-4597-b75a-93cdd508fda0	wQkfqbMqImQpvrFA	vRjUlPPbAySf	747553819367675	532562287181	info@wQkfqbMqImQpvrFA.com	9979027d-1672-4108-95a4-eb5d346545a0	\N	\N	2019-02-14 20:43:18.860444+03:30	\N	\N	{}	1	0	czQJAbgdztSJXUqUDXxJyijLmAaqPkCULSdLWKQVDiGCeY
9469ecf0-b5db-4ac4-b9fa-4e7d051da571	JvUSWedJsFjiVvNpiHS	dcmyIxgKbE	9657219718251	824216131670	info@JvUSWedJsFjiVvNpiHS.com	9979027d-1672-4108-95a4-eb5d346545a0	\N	\N	2019-02-14 20:43:18.873874+03:30	\N	\N	{}	0	0	JzDWDkeBvrkyhCnxsOZtYYnjAwxjesFoTkmWUszPjjptldq
fce34efb-a811-4da7-9d1d-be6bc32263fa	TrzrQOCsLAbRUhF	tslOMkFwTvpgA	0343682605284	585864642627	info@TrzrQOCsLAbRUhF.com	9979027d-1672-4108-95a4-eb5d346545a0	\N	\N	2019-02-14 20:43:18.887629+03:30	\N	\N	{}	1	0	wHqKapYMHcAqTpcDZvRZLblOyGyQVFAt
0626560f-ba71-4c7d-82d8-133bdc52b2d0	SEOHEaPIahDrJGt	YurbfhZlfSjM	864222607450	412996989101	info@SEOHEaPIahDrJGt.com	9979027d-1672-4108-95a4-eb5d346545a0	\N	\N	2019-02-14 20:43:18.901536+03:30	\N	\N	{}	0	0	BZeveCjmRfzFuTwOrHTxiEbgJIJTrzksBqPfVzRmGQTB
4b7c3be3-1b07-439a-a3bf-bcc149b93630	srfzLcJrDpAnavfCIzD	PiTqzhYsBZEt	50659783051	077000987745	info@srfzLcJrDpAnavfCIzD.com	9979027d-1672-4108-95a4-eb5d346545a0	\N	\N	2019-02-14 20:43:18.915357+03:30	\N	\N	{}	1	0	IrIdMTxsGarYVTFrrSOWepchZCaJJrNtiVyuQvOyxGyTZ
8e06fa7b-0941-46ca-8ead-6c1dfea24ef0	KsWYPcpTJPVjAGaOb	LZHEwWCuEBNFFXy	5359688016850	289848204075	info@KsWYPcpTJPVjAGaOb.com	9979027d-1672-4108-95a4-eb5d346545a0	\N	\N	2019-02-14 20:43:18.93022+03:30	\N	\N	{}	1	0	YfdXUkMFAsLDBbhXTvhNtXDpoPphQXgQeJnbWcgy
da4a358e-3dd7-492c-8d1c-d2c5c08a2e12	TCxujVqGeDACiRSZjzR	HhMtUnPwTptm	25299962760	035947716491	info@TCxujVqGeDACiRSZjzR.com	9979027d-1672-4108-95a4-eb5d346545a0	\N	\N	2019-02-14 20:43:18.944454+03:30	\N	\N	{}	1	0	raZdurOwHNFBrSZfVrsiIWeJJmfRJsxAvy
7955d052-f7e2-4069-acab-08f8873b6f2a	pRUNYKvBdNClitdtCcX	NlveunDXiddzv	53187171263	959827951335	info@pRUNYKvBdNClitdtCcX.com	9979027d-1672-4108-95a4-eb5d346545a0	\N	\N	2019-02-14 20:43:18.970704+03:30	\N	\N	{}	0	0	oLjLlYHwIgNFHPNEXqDiSSHfbnPAyxImJTyurhSbNIIwXWBWog
bf2bf6c4-91ae-451a-b947-b77f638e62ed	HyomabdaZbKokdmG	TYXIggggeJ	46130026715343	277872972396	info@HyomabdaZbKokdmG.com	9979027d-1672-4108-95a4-eb5d346545a0	\N	\N	2019-02-14 20:43:18.985881+03:30	\N	\N	{}	1	0	AGlqpPepfVRYOuVRLBaOogoblWWaMy
1b40b5d0-3d9e-463f-a717-296a7ea9898c	MgeexVJnAGEBUyyNJz	znwnqJlNjZnc	322669343593	532773494727	info@MgeexVJnAGEBUyyNJz.com	9979027d-1672-4108-95a4-eb5d346545a0	\N	\N	2019-02-14 20:43:18.99912+03:30	\N	\N	{}	0	0	XNFNgnhYTncAynlixtfrAsNWBxLvTlY
31301600-d8c3-40e2-b843-09391914fc4b	aFfGUMHQzjQaydk	WPPyjcxMZIHUu	6841320229983	011422754419	info@aFfGUMHQzjQaydk.com	9979027d-1672-4108-95a4-eb5d346545a0	\N	\N	2019-02-14 20:43:19.012332+03:30	\N	\N	{}	0	0	gSvSPjMuUSgUzdNjYHCrbNxSijiovfcbZAVojhKf
3f81d02b-ce3f-42c0-a3e5-3ce52652e81f	SAbvNKwwMnXBNSkw	ArHcuhcQxoxkTZ	166606045604	618248479390	info@SAbvNKwwMnXBNSkw.com	9979027d-1672-4108-95a4-eb5d346545a0	\N	\N	2019-02-14 20:43:19.026097+03:30	\N	\N	{}	1	0	YcXbYzdIJbpIMVknvYKVkADAlSVOHepfjoiHoLrxmIh
b97f476c-5e2a-4685-ade1-59f8ba237f22	FtOARAWdAZeOUbED	tKpitYygPv	09838444625	794797654768	info@FtOARAWdAZeOUbED.com	9979027d-1672-4108-95a4-eb5d346545a0	\N	\N	2019-02-14 20:43:19.040499+03:30	\N	\N	{}	0	0	MoRkjRphXPVFjhJFymIEMnPoYUbaKjcXA
977b8419-6471-4b1b-a2a1-645d8d9eea3c	jLPAtOPOTzYcgyroC	cSTcOvfYGjXGh	4963103757	756907141006	info@jLPAtOPOTzYcgyroC.com	9979027d-1672-4108-95a4-eb5d346545a0	\N	\N	2019-02-14 20:43:19.0537+03:30	\N	\N	{}	1	0	esilaQfzXSmxvVWxhDYLAeVaCWEoWpb
b6c65a3f-913f-4b57-927c-974993e2c9d0	JlNLBsKAmZxiuTHDy	PzmkZoiFFEWggft	1229934435	466771556411	info@JlNLBsKAmZxiuTHDy.com	9979027d-1672-4108-95a4-eb5d346545a0	\N	\N	2019-02-14 20:43:19.067092+03:30	\N	\N	{}	1	0	RRaZKwQgOtDrwYeVQYVeaNUpsKteieXzvxYFVQ
40cc50d5-77be-4ab0-8ea4-28fbe2e9cdd4	MKRfipKDFKAMMpIeiSX	ACLcZlcfGVtSfK	528616455859	240629426737	info@MKRfipKDFKAMMpIeiSX.com	9979027d-1672-4108-95a4-eb5d346545a0	\N	\N	2019-02-14 20:43:19.080993+03:30	\N	\N	{}	0	0	dlGDCKPuUOORZYzqQzGwbZoItQtUbz
325b3551-a5dd-4d60-bbbd-74af3265e6ef	hMWkOhckdqyWPzV	rwPoAQEkJUdFY	79267093685460	491273673457	info@hMWkOhckdqyWPzV.com	9979027d-1672-4108-95a4-eb5d346545a0	\N	\N	2019-02-14 20:43:19.094252+03:30	\N	\N	{}	1	0	TrcAHwSlZnzfXojZDlJiMkdKzcVAYkjT
2cc12588-d9d5-481b-b7de-92741d617af4	nULjmZkZArYoCaUoLCA	ImuMjXMUGgY	830260999873811	454646413577	info@nULjmZkZArYoCaUoLCA.com	9979027d-1672-4108-95a4-eb5d346545a0	\N	\N	2019-02-14 20:43:19.10765+03:30	\N	\N	{}	1	0	URjAHTsWEbmiNEDOFDUdnMYMnpVnRmKlftO
144dce4d-dd9f-419b-81e8-4903e5e97600	NGktizbXDfllKhOatmm	EjwVxGiEAYSpf	4576651781	892353107832	info@NGktizbXDfllKhOatmm.com	9979027d-1672-4108-95a4-eb5d346545a0	\N	\N	2019-02-14 20:43:19.120486+03:30	\N	\N	{}	0	0	QLxFqcnfhxrSOQQSzdvAcnljpvLpjxUbISgaWvF
dd97c3cb-793c-44cf-9482-a1eb68234df4	tYajRqdQTZsXoGGdBtuM	PnDJveHqLmj	839783290410	950553204376	info@tYajRqdQTZsXoGGdBtuM.com	9979027d-1672-4108-95a4-eb5d346545a0	\N	\N	2019-02-14 20:43:19.133885+03:30	\N	\N	{}	0	0	qLVCzsfeQAFSODHKjaHlQQGwofOjJmtzZqBZ
1bc168f1-82c1-4815-bde6-643278b72fbd	gfaJMsXPAibCRouivTy	JKnvDnxtQyDZ	744275052237378	765154265577	info@gfaJMsXPAibCRouivTy.com	9979027d-1672-4108-95a4-eb5d346545a0	\N	\N	2019-02-14 20:43:19.146669+03:30	\N	\N	{}	0	0	bMEtKlCkFPoqQPJoJeqoifrQIqwFoCbP
594e6230-6b4e-41aa-941b-f763045165f7	fkAsOMZdBPVsAJe	bSNHlFrcBwQgXHW	770118323636	551506937553	info@fkAsOMZdBPVsAJe.com	9979027d-1672-4108-95a4-eb5d346545a0	\N	\N	2019-02-14 20:43:19.159743+03:30	\N	\N	{}	1	0	OSVslUrSEnhsaqZOMIhhOpmFfFYWxjxnBSgOnzITmqLoIlDUV
76936a13-9ae1-4ae5-baa3-72a76583c276	BLansFVQDubAhcupS	obcCRQrZduV	462666331638	239274027993	info@BLansFVQDubAhcupS.com	9979027d-1672-4108-95a4-eb5d346545a0	\N	\N	2019-02-14 20:43:19.172806+03:30	\N	\N	{}	0	0	uEnwKmKrYREfQVIONStAuTxLrWelnQDJUrFGdsxdJekZz
e6316836-bd41-405c-b79b-e614da1f65d3	PomlphEmUvkagzq	ImfpskhSNqwxrX	3736448405868	281419534921	info@PomlphEmUvkagzq.com	9979027d-1672-4108-95a4-eb5d346545a0	\N	\N	2019-02-14 20:43:19.186111+03:30	\N	\N	{}	1	0	qsmZfRtIGtyOpxZtWxlgkIfPPLMLKJgddSeILAsRtrIiQhDOeo
6d975b61-cdb2-4d5e-b12a-b32b7214ad03	qwZFnNtyzCGEfYjQkjI	EblPTuSiBjErH	331836387466	215098382654	info@qwZFnNtyzCGEfYjQkjI.com	9979027d-1672-4108-95a4-eb5d346545a0	\N	\N	2019-02-14 20:43:19.19991+03:30	\N	\N	{}	1	0	OWZUvwnOuiLyhLCPgTkJNhNwWNyFvFzKcYGzxWNTEYRNMv
a7c8f732-192c-4b2d-b95f-9a6a2e6338a8	sOMBDVqATEaAbgz	kAUjZqZsWZJjl	3755488906	528324704092	info@sOMBDVqATEaAbgz.com	9979027d-1672-4108-95a4-eb5d346545a0	\N	\N	2019-02-14 20:43:19.220529+03:30	\N	\N	{}	1	0	CDylQeYyZzgAXharODMXoIthEjOBPrO
d939d96d-b925-4a7b-b6de-ae265a1a8804	uMenSelsFtsEDuwRakoO	JYYsmZHFPc	987182173546	860006662664	info@uMenSelsFtsEDuwRakoO.com	9979027d-1672-4108-95a4-eb5d346545a0	\N	\N	2019-02-14 20:43:19.235633+03:30	\N	\N	{}	1	0	MqwotffqrHglcpLdthvzPdwpVQPizqCLgabBFGrZNXmRN
900bdc63-3d1e-4c7c-bcfb-06cea19ba9c6	uiGpKxvGOsyFaxXEIDfL	MRzNGzzYMY	808033093908	709654426830	info@uiGpKxvGOsyFaxXEIDfL.com	9979027d-1672-4108-95a4-eb5d346545a0	\N	\N	2019-02-14 20:43:19.248822+03:30	\N	\N	{}	1	0	GvnBtulaZsQvPFtRQrwnrhtAHVkvcrKKO
c7d00cf2-097e-45d1-8dd3-75ecfccbc3f7	LHTYJVsaQIfJBXAx	UHgwqBglFzvQ	11060018052	103539563953	info@LHTYJVsaQIfJBXAx.com	9979027d-1672-4108-95a4-eb5d346545a0	\N	\N	2019-02-14 20:43:19.261916+03:30	\N	\N	{}	1	0	oKqgXLkUzQalMimVxxDkNKKwBrcGanAPaqvZBHtdXvOMdAhDa
f92f1214-fd80-43a5-b129-b8ce8b471526	nnWZjzRLhTbiidYGC	NYfNTVBZVi	523687880777	343624612109	info@nnWZjzRLhTbiidYGC.com	9979027d-1672-4108-95a4-eb5d346545a0	\N	\N	2019-02-14 20:43:19.275303+03:30	\N	\N	{}	0	0	MjLQjFkVadrurBvwNfobPmvByLuaWIcLT
87010b8b-8b11-4184-bdd4-b9d66e15919b	bCVnYXsPRjsMIGTwJijE	JrFLpNnAhDELA	772541929162249	285379957407	info@bCVnYXsPRjsMIGTwJijE.com	9979027d-1672-4108-95a4-eb5d346545a0	\N	\N	2019-02-14 20:43:19.288942+03:30	\N	\N	{}	1	0	vVZfwRarVCtVeDENWaJDBoauLasldenYbMfXdGObkjwOPcDlC
9aa213ee-5976-4784-b729-907510cc404d	ogcraotvZyBNXcB	bfkRGUBeiQ	155539646019700	308333803677	info@ogcraotvZyBNXcB.com	9979027d-1672-4108-95a4-eb5d346545a0	\N	\N	2019-02-14 20:43:19.302911+03:30	\N	\N	{}	1	0	ImKuMEPOQLgWevCycFWiOVXgKSXDTw
40dc2e3d-9bdc-44ba-8fe9-385961bba874	ciXyuDNkUZQSDowe	BAaPyxYkrXnK	4214489869195	774307185201	info@ciXyuDNkUZQSDowe.com	9979027d-1672-4108-95a4-eb5d346545a0	\N	\N	2019-02-14 20:43:19.316255+03:30	\N	\N	{}	1	0	iJYjwdHIdKiOKhrboIpYRHlApwIXrHcCscloGUZjeHZo
a9dfc2da-5599-40df-b055-21072d962471	QsFAhdRortGnddHkiJFK	VsOucUCBlvud	683260740145	686806742948	info@QsFAhdRortGnddHkiJFK.com	9979027d-1672-4108-95a4-eb5d346545a0	\N	\N	2019-02-14 20:43:19.329472+03:30	\N	\N	{}	0	0	RCytZMzlPvSzHFNadlCFUADXMYCVumqMRphqBgbsEVsnbFqgTU
e4d8ad8f-b050-4c1c-bfaa-1ab98b92b073	nVRmhpoejCVXTmFJnNMg	iAhlFXRAren	71449862153187	837371228359	info@nVRmhpoejCVXTmFJnNMg.com	9979027d-1672-4108-95a4-eb5d346545a0	\N	\N	2019-02-14 20:43:19.342591+03:30	\N	\N	{}	1	0	EvzetkvygPvbDHcAiSJpBFwSlMFLBoPG
945a39f0-577b-4499-ac09-b01123e57563	qMFCjDKzbmCKqes	PJlUhDitlt	701125596659997	971372711637	info@qMFCjDKzbmCKqes.com	9979027d-1672-4108-95a4-eb5d346545a0	\N	\N	2019-02-14 20:43:19.355914+03:30	\N	\N	{}	1	0	mHiPslEnqEmFEnHJbCRGGsXXnsrtjxrVECkYPQoFxCKBRtK
0ed88b8e-f34e-4c2e-a114-dbeb28d569c4	wDbeXyBLqsEaRXXxB	WQAKVxoIaF	309235270359354	722388940500	info@wDbeXyBLqsEaRXXxB.com	9979027d-1672-4108-95a4-eb5d346545a0	\N	\N	2019-02-14 20:43:19.369314+03:30	\N	\N	{}	1	0	jovNhUUxTdAlGjccprUZqKySmwreCSAlHvaQsv
eb138dd8-5fa1-4020-8fb3-938b745e6f54	LYNYGYBiNUfPnpNFEJYi	SKYBGzRyWeluTKc	7837562973545	300152234215	info@LYNYGYBiNUfPnpNFEJYi.com	9979027d-1672-4108-95a4-eb5d346545a0	\N	\N	2019-02-14 20:43:19.382551+03:30	\N	\N	{}	0	0	PgKCTTmkrgTEkiCLInFsZdKlSCUpHYgzhrdAmPMeYgKIqpTacB
184fef09-c8fc-487a-a04e-26c846d6c439	dGgrAKnpSLWRUpu	bmhhKpsuHhNK	6872704134962	337781669303	info@dGgrAKnpSLWRUpu.com	9979027d-1672-4108-95a4-eb5d346545a0	\N	\N	2019-02-14 20:43:19.395931+03:30	\N	\N	{}	1	0	kRUDVLzitwiqKXzuGcTLBTekdfjfCqqOHn
16805335-99f0-4060-9d1d-9a76d039ab99	FytPUpxKzVltDNoqrjUb	bKUFdLTkyNpYGFs	0341256032122	198249186539	info@FytPUpxKzVltDNoqrjUb.com	9979027d-1672-4108-95a4-eb5d346545a0	\N	\N	2019-02-14 20:43:19.409361+03:30	\N	\N	{}	1	0	yaKdhIcZbjfiDEAUgELvEkKPcmYJgFwGHijQSo
94191333-840b-4765-ae19-cb149b308420	tXxDaCDWKjiFPusGW	efmMDtvlcM	22019101264	079632480708	info@tXxDaCDWKjiFPusGW.com	9979027d-1672-4108-95a4-eb5d346545a0	\N	\N	2019-02-14 20:43:19.422952+03:30	\N	\N	{}	0	0	iJguowYoMbrehaSxURuFJkVAEUVmGuOofuKUS
9bbc46d5-86ae-4541-a69d-643ee7c5f3be	kGmcMveHsyYODJyBJCx	RDBfUgBecvpNe	586916116473905	340030986567	info@kGmcMveHsyYODJyBJCx.com	9979027d-1672-4108-95a4-eb5d346545a0	\N	\N	2019-02-14 20:43:19.436575+03:30	\N	\N	{}	0	0	wPaWKAofxVEgAFBlEAMiBtIKEkvKGuuelwBwwpDWKHempHY
4a3482ac-a811-4eed-98d7-88683c49909e	IMflhnXlzSXFoRka	lymCBkNlrbay	3254513204148	747555817626	info@IMflhnXlzSXFoRka.com	9979027d-1672-4108-95a4-eb5d346545a0	\N	\N	2019-02-14 20:43:19.450081+03:30	\N	\N	{}	1	0	OGpJQFLMCAekQPSmRSssjLSnJVETJnhXV
ea9a68ab-7305-4408-bdfc-f8e2e239048d	gmETyGvESLwlyNfqhOez	nwKiFxQcTnkh	75927507828	482236726211	info@gmETyGvESLwlyNfqhOez.com	9979027d-1672-4108-95a4-eb5d346545a0	\N	\N	2019-02-14 20:43:19.4732+03:30	\N	\N	{}	0	0	ilwrEcyFCKYotdASQfYSnFyLHQtrIPfqcbKIfINiulyQqziHe
58e954e6-0386-413e-a135-00b21cca92ed	ZtnAgXsZqAoVTsYdA	NNOIbMYRniAtQC	707221419542818	886436040615	info@ZtnAgXsZqAoVTsYdA.com	9979027d-1672-4108-95a4-eb5d346545a0	\N	\N	2019-02-14 20:43:19.490314+03:30	\N	\N	{}	0	0	QyZMAXhtySGUwsTDmIzSgWnBOXHHYCCRcbdczKVZ
4b9e7ff5-d231-4b9c-9d0e-f8a217fe9fed	EuBYNgLxfdedsHTPO	QsdhUFKZgwu	48559576485	387790290723	info@EuBYNgLxfdedsHTPO.com	9979027d-1672-4108-95a4-eb5d346545a0	\N	\N	2019-02-14 20:43:19.513774+03:30	\N	\N	{}	0	0	gKeCsHdvkcMymDqBXolbFJtZYfWtmBbunGZfpCbBGPzUSqxq
fb7522f5-1ce8-41ca-bf5c-51b2753f11af	jRLsmkQtGlIjpCX	bCMFFNLVNfPDdFJ	6064460266	341889037952	info@jRLsmkQtGlIjpCX.com	9979027d-1672-4108-95a4-eb5d346545a0	\N	\N	2019-02-14 20:43:19.527693+03:30	\N	\N	{}	0	0	RPVzYJxUpKYOonAClbSGZmhjMOGxsTpKiLljwiDOsEEITEmEf
0fc64769-c4ac-4d91-8704-d0a6dd795652	mgTvPfKxECQuobhZ	FkpTEtXpMD	24228667723	672143444444	info@mgTvPfKxECQuobhZ.com	9979027d-1672-4108-95a4-eb5d346545a0	\N	\N	2019-02-14 20:43:19.540932+03:30	\N	\N	{}	1	0	TKgXlYhWHYalFNZIFPgruCObLPrJLoceykBkJLisjkdox
609972db-1e6f-43d9-abd6-68f6dc42d7ef	ZDtFWQjlrWcKHnz	RxUvJFGTZRDC	1262678257991	784548311119	info@ZDtFWQjlrWcKHnz.com	9979027d-1672-4108-95a4-eb5d346545a0	\N	\N	2019-02-14 20:43:19.554296+03:30	\N	\N	{}	0	0	gvfJDORFdYzcrkyLIDVGQxeBwMUBplzxIH
2a7a3af3-b951-478e-83ce-747556a6fcb8	LVAtaAsDsFdfNgAvYyaB	OWYfHzcPGLCD	386216165244	885569764647	info@LVAtaAsDsFdfNgAvYyaB.com	9979027d-1672-4108-95a4-eb5d346545a0	\N	\N	2019-02-14 20:43:19.568055+03:30	\N	\N	{}	1	0	QuugRYVJJFGvtQRJyjXhefDwQfwYkMOdiIJzIGJ
cad60cd9-cd6d-49c9-8677-9794b2a42925	MPohIFqiQNPvUuTkCP	ODzrljdlsLWlXN	61905695789063	769494329901	info@MPohIFqiQNPvUuTkCP.com	9979027d-1672-4108-95a4-eb5d346545a0	\N	\N	2019-02-14 20:43:19.581308+03:30	\N	\N	{}	1	0	rTaoaYwakvVQoLkMtNyCpDwdmEIgJBBcU
0b8f530b-af5f-4732-bcf6-3bc5004fbac9	RXApxMkvEAioMbCKFTOC	AiFITGJwDNpa	6394632377637	318150099519	info@RXApxMkvEAioMbCKFTOC.com	9979027d-1672-4108-95a4-eb5d346545a0	\N	\N	2019-02-14 20:43:19.594029+03:30	\N	\N	{}	0	0	ikfoLIeipxPmAzmRphxJYEnVUlcxeKnpWS
9f9c3c38-cec5-4d78-a68f-9add36dc96a7	hCkPTJGFliTCzczJBEYy	JaxQMkhiem	08993524949	622502922716	info@hCkPTJGFliTCzczJBEYy.com	9979027d-1672-4108-95a4-eb5d346545a0	\N	\N	2019-02-14 20:43:19.607315+03:30	\N	\N	{}	1	0	PbpBrVAywjLFcjhzGNxOXAueCMMeuFplJfPAcraZaNeewndecb
3e5dffd2-2833-4bdf-a297-f0483e8155b1	zbrGFfSjCzZnIECkItK	wYnawCgDfjzGm	470812863628	299055526003	info@zbrGFfSjCzZnIECkItK.com	9979027d-1672-4108-95a4-eb5d346545a0	\N	\N	2019-02-14 20:43:19.621034+03:30	\N	\N	{}	1	0	oFPHuiFcJhKNYdVSgmiVMVjBjttdKsiyaZhUImYtvjHUo
71d5eb84-d7d2-4d38-b11f-afc896ad8f22	mUqwpCSYEdtZjDSRe	rLozaMsVXb	7481825701547	184480982621	info@mUqwpCSYEdtZjDSRe.com	9979027d-1672-4108-95a4-eb5d346545a0	\N	\N	2019-02-14 20:43:19.634837+03:30	\N	\N	{}	1	0	sSdEyJLtNkuMiboZFzXeDAWboDZeYQ
70705a1f-053f-432a-b463-69d56a013c9f	QLWUJHIeVsYhabxbhYbn	blerogVoYOF	355053582805368	153693313264	info@QLWUJHIeVsYhabxbhYbn.com	9979027d-1672-4108-95a4-eb5d346545a0	\N	\N	2019-02-14 20:43:19.661889+03:30	\N	\N	{}	0	0	tZwOuGOjkmiQNdYyZjxYVidykPYaZNxuOtJ
f6c36414-3870-47fc-849b-95ee2f15eccb	bXsnlagafgYEQyclI	MsxkuWZTQoNB	6686726628	862109309000	info@bXsnlagafgYEQyclI.com	9979027d-1672-4108-95a4-eb5d346545a0	\N	\N	2019-02-14 20:43:19.679334+03:30	\N	\N	{}	0	0	dEMSikjGdPsXbExTQEEDPCyIMlyGXmCBSqTAbeHEt
81d757c8-a2d4-44b9-a86e-6ede971ff3ce	DwHBQXFwCwyAEKmCsl	XmGNiHooqUit	849276480264	403288605672	info@DwHBQXFwCwyAEKmCsl.com	9979027d-1672-4108-95a4-eb5d346545a0	\N	\N	2019-02-14 20:43:19.701046+03:30	\N	\N	{}	1	0	sZAsfctCcbYGdRILvBXSfXMXGwyvUpfoOHhtkaXoCwuHN
af50d332-a0a7-4ba7-8ac0-a8d04d2030ab	vkfuDmSrKYnkvHZ	wniFIufgKJcEtR	4928022288	487965848321	info@vkfuDmSrKYnkvHZ.com	9979027d-1672-4108-95a4-eb5d346545a0	\N	\N	2019-02-14 20:43:19.71535+03:30	\N	\N	{}	1	0	RHUKAfadxkmBpmsRZupUuQPIYPffvKToRQytvAXsMlVBXpvw
f6a62514-dbf9-4b62-b5b9-3bbcf80162a7	kteAIOBAWgvgbLa	JTOlSGZDEbaty	9249146426816	887103044842	info@kteAIOBAWgvgbLa.com	9979027d-1672-4108-95a4-eb5d346545a0	\N	\N	2019-02-14 20:43:19.735711+03:30	\N	\N	{}	1	0	NHxTtpCgScUuYsWdsgfncFUkWkSugbsuKqpE
8618f0b1-dfc5-4175-b254-8bf0b53faed4	TkZwhwwBSZVyhICm	nkpFeWJzsvphb	88623478860810	272457350612	info@TkZwhwwBSZVyhICm.com	9979027d-1672-4108-95a4-eb5d346545a0	\N	\N	2019-02-14 20:43:19.749527+03:30	\N	\N	{}	1	0	RZCFvDCNABZaVkixZEHdmGODDJrUbUWUuYCR
7a1f9cc9-c84d-4d22-b928-c8debcdfa901	EHbFgCasMAtsHyGpNKUy	QBWmVsKXJmcspJZ	0996159164044	727741766942	info@EHbFgCasMAtsHyGpNKUy.com	9979027d-1672-4108-95a4-eb5d346545a0	\N	\N	2019-02-14 20:43:19.763273+03:30	\N	\N	{}	1	0	kmrYgzkTWHgcTjsbLKXNZhMhdKaMlnk
251d435b-2d2f-43b7-b9bb-b26e175f4621	abVGahBZQJBLsumE	JtFShmvroH	439210253127	889821072355	info@abVGahBZQJBLsumE.com	9979027d-1672-4108-95a4-eb5d346545a0	\N	\N	2019-02-14 20:43:19.777068+03:30	\N	\N	{}	0	0	QmeVOyyUVZEugRVgQxqHvneZUWIwvGTLtZIjzjEwIkrQeoY
aef9e49c-35aa-47db-966b-44161ed0d486	lPBIeHhadRWAApnVrYg	HMnrxGHbuIVf	23770187821	124759696962	info@lPBIeHhadRWAApnVrYg.com	9979027d-1672-4108-95a4-eb5d346545a0	\N	\N	2019-02-14 20:43:19.790958+03:30	\N	\N	{}	1	0	QrEXqemvLKaxbcLtwNHGmCjvmzWqVFalweIOJuJwEkuIMhB
00b62675-f3f0-4c23-8838-87cd530a92b4	WkTJnCgBCCrzItlgYVX	sgFYsbghJJR	2485122131455	377407955910	info@WkTJnCgBCCrzItlgYVX.com	9979027d-1672-4108-95a4-eb5d346545a0	\N	\N	2019-02-14 20:43:19.804441+03:30	\N	\N	{}	0	0	NuFHGyQxWaqZELMbsIyXaeuBrqVguV
7453d8a4-4457-4e03-abea-12c9b190df68	HPMryKHvIKOKqZWtt	TRJxLmQdHxzF	54526310458	372221194090	info@HPMryKHvIKOKqZWtt.com	9979027d-1672-4108-95a4-eb5d346545a0	\N	\N	2019-02-14 20:43:19.818089+03:30	\N	\N	{}	1	0	IMINPrlHtgICyuyeqLLJSlmPFYOkwdUEpEt
ee5f591e-5b73-48e0-97ca-51440800ddf3	XfnsnwvNSVTJIeS	rESYEgkAJhhy	443785248967696	784180589218	info@XfnsnwvNSVTJIeS.com	9979027d-1672-4108-95a4-eb5d346545a0	\N	\N	2019-02-14 20:43:19.831419+03:30	\N	\N	{}	1	0	hjUStOwpEwbMufGASRIwJjygpNEhhlWPVSJOgFfkeGZY
f06d82ff-9442-48b8-a011-dc10426f7b76	fAgYkcJTaqJouSxIood	yTPfycJFBJvIlbg	94990212636551	789513664278	info@fAgYkcJTaqJouSxIood.com	9979027d-1672-4108-95a4-eb5d346545a0	\N	\N	2019-02-14 20:43:19.844363+03:30	\N	\N	{}	1	0	dvrTlADnyhIVURgLJSWsLfcNVQZGlzSOulJHNMvL
1a4e56bb-fc01-42bb-bdbf-abe02e7118d3	fgpwpdhHzZuGdHbuJJHI	VeoGOdSJpnQxFMm	71305569268198	284445818536	info@fgpwpdhHzZuGdHbuJJHI.com	9979027d-1672-4108-95a4-eb5d346545a0	\N	\N	2019-02-14 20:43:19.857887+03:30	\N	\N	{}	0	0	AcuyNRpcRQWnYxsQbSPxyzVYxJNiXIkA
8be42430-35d1-495d-914e-01a8dc90427e	eaCXPeogdDgavxe	MbnnYLkKBvJlHJZ	59952379311	294413211676	info@eaCXPeogdDgavxe.com	9979027d-1672-4108-95a4-eb5d346545a0	\N	\N	2019-02-14 20:43:19.87118+03:30	\N	\N	{}	1	0	DGYcUkEFnmGyxLpiMGaeiVHCowHuOiJRRhuNtaS
55c0614d-5c20-48b1-801e-9b9dafe2adb2	MAGJMwrACteMOlPfK	ZAEiuxroKN	6727093823	430225583652	info@MAGJMwrACteMOlPfK.com	9979027d-1672-4108-95a4-eb5d346545a0	\N	\N	2019-02-14 20:43:19.884814+03:30	\N	\N	{}	0	0	dYFolvsGZxKkqiqjkqGzhrcCNExIkdZpBeFOByVa
080412ce-1308-4038-b855-5f9117f3bbfa	HmqqdZCTIBAzeDMKcxuF	LHdRxerShq	7688684466	497858213980	info@HmqqdZCTIBAzeDMKcxuF.com	9979027d-1672-4108-95a4-eb5d346545a0	\N	\N	2019-02-14 20:43:19.898414+03:30	\N	\N	{}	0	0	kFIRwKlceJKABYYypCVvqZxciyyacMPNSXeqJrSndFoGdo
419cefba-16b2-4750-bb07-c6ef5c9d5569	vrCqJbnmJmMjqYyDS	KIHdDXGInN	914612822094082	961585296748	info@vrCqJbnmJmMjqYyDS.com	9979027d-1672-4108-95a4-eb5d346545a0	\N	\N	2019-02-14 20:43:19.912417+03:30	\N	\N	{}	0	0	KQCuKaxqwnIErmWlRPjqGTXhJkGFETqqjslVSi
4af4274a-48de-4f7a-b256-47bed1d3b7d3	rxUXojVZAllqTgpcRZj	GeMwphJKbr	4277449642	813387519536	info@rxUXojVZAllqTgpcRZj.com	9979027d-1672-4108-95a4-eb5d346545a0	\N	\N	2019-02-14 20:43:19.925931+03:30	\N	\N	{}	1	0	lzMMSjfjCYncLVGnQCjsnHlaqcrDghFRgRGyAN
851e7f50-8f35-4952-b1d5-0198e1ff7eac	ClxGZuoMLqXfGeQgUUAX	JcuRuAPWpBZ	412042382660877	306876571036	info@ClxGZuoMLqXfGeQgUUAX.com	9979027d-1672-4108-95a4-eb5d346545a0	\N	\N	2019-02-14 20:43:19.939621+03:30	\N	\N	{}	1	0	TVUTSQIZewMbOqEdRJQtvjUaYXUjnswHpQCHgmhmit
f04c04d1-5b98-4a57-89e5-a2d6988ab205	xLtadCSyZdSzBpwN	oJodBqNhduv	1344859354436	886350495534	info@xLtadCSyZdSzBpwN.com	9979027d-1672-4108-95a4-eb5d346545a0	\N	\N	2019-02-14 20:43:19.963481+03:30	\N	\N	{}	0	0	mwSBJecPtHcDJPSiBKwnQPNeysWXlWCzSw
c6fe252c-d096-4ad0-b967-d502cf6dad93	bCFrwMvbyKVgnfcavTna	gYQtuusNSVo	215118377970356	345785220854	info@bCFrwMvbyKVgnfcavTna.com	9979027d-1672-4108-95a4-eb5d346545a0	\N	\N	2019-02-14 20:43:19.977649+03:30	\N	\N	{}	0	0	PkZIzEEoWtJzqieiaVcnwutsiVhkPrCfbD
31057139-d4a8-489b-ac17-3c4d758fad0d	DkUrGNBFfjjpmhRBFnuy	PfGfWImZLBcvVU	93242460190	580703771353	info@DkUrGNBFfjjpmhRBFnuy.com	9979027d-1672-4108-95a4-eb5d346545a0	\N	\N	2019-02-14 20:43:19.990947+03:30	\N	\N	{}	0	0	RMCNpNmAHvuPpZRlJeEwRONKDBLGSzKLL
129561d6-4ea2-40c4-9f44-5359172701bc	ZdBndJizAYYRlJXRFof	yiYlQqlbBYPCBtq	669409067192	314578239395	info@ZdBndJizAYYRlJXRFof.com	9979027d-1672-4108-95a4-eb5d346545a0	\N	\N	2019-02-14 20:43:20.004744+03:30	\N	\N	{}	0	0	LxbRbcXKAciKrFmQRVjEmzcUgNFrWidhf
6a27bc1b-45ef-4d47-a7c8-fce8ddaa2906	bjIyVlCDvukJmeeVi	wmNdzvwVFZfMi	5444101528	441664823738	info@bjIyVlCDvukJmeeVi.com	9979027d-1672-4108-95a4-eb5d346545a0	\N	\N	2019-02-14 20:43:20.017999+03:30	\N	\N	{}	0	0	ZnlOVTlobeTmdSSlDlzuZvelFDDOYRVZgGneaBuB
44d2ecfa-251f-4c88-8d79-b9119a36dd62	NnkIGWnTxJUVnFaSkp	dKUmsHQSIKwr	145768697628895	298094292512	info@NnkIGWnTxJUVnFaSkp.com	9979027d-1672-4108-95a4-eb5d346545a0	\N	\N	2019-02-14 20:43:20.031826+03:30	\N	\N	{}	1	0	TQPbKpxWMFDhzRcMrowvmXlEiTNenuRHngKZVHvJoaSorWcLmY
16a816d3-23f0-4f37-84dd-510506b46be7	YwUdenSkDpBKchUde	YQsbiguFIFrJMsF	513784050274	180941223523	info@YwUdenSkDpBKchUde.com	9979027d-1672-4108-95a4-eb5d346545a0	\N	\N	2019-02-14 20:43:20.045204+03:30	\N	\N	{}	0	0	dgKlFWIxujdTvqCcDQMtVQiJAueULTyQbIdh
7fc6d93e-29a6-4399-891b-cdc614517aae	NGAwjwUBywFqIaoYlZA	gUSzSKCDnLJARmZ	07063935897	018816344691	info@NGAwjwUBywFqIaoYlZA.com	9979027d-1672-4108-95a4-eb5d346545a0	\N	\N	2019-02-14 20:43:20.065914+03:30	\N	\N	{}	1	0	VDqugAPmlgyMhkDGjTHNQFlPVTpQoDUJingqnvcYEaMl
2d61d7cb-7b62-4015-9c5f-4f328c1d1daf	rUVnDKfIvuFOkVCPq	xFUnsrPtvShhgZ	046613614630144	917290242841	info@rUVnDKfIvuFOkVCPq.com	9979027d-1672-4108-95a4-eb5d346545a0	\N	\N	2019-02-14 20:43:20.082216+03:30	\N	\N	{}	0	0	OYzuNSLxHGXJyAZItnXGrePLHrZREUE
e43f7b9a-a37a-4ca1-a93e-0274be99ce75	sDoFxACgiCpgCPQ	enGVRVJAMi	24323632933	119998138022	info@sDoFxACgiCpgCPQ.com	9979027d-1672-4108-95a4-eb5d346545a0	\N	\N	2019-02-14 20:43:20.096126+03:30	\N	\N	{}	1	0	zOchHUMFHjhiLjlupuDMLrbUCTowJBkIrMqzIegPNNxAwivNE
1ee113f3-71ba-44e3-a2b0-04fc64a0e831	artBLYwbUGFEOwsgXBK	QzRqApAXDFx	63689057400	505458429923	info@artBLYwbUGFEOwsgXBK.com	9979027d-1672-4108-95a4-eb5d346545a0	\N	\N	2019-02-14 20:43:20.109662+03:30	\N	\N	{}	0	0	UFBSmalUmczBnjWfmPQWfBszfNkzLPwfUxxHzKDl
ca4c8a45-b60a-4750-b82c-86947a12e8f7	CPCOlhAcxyHzqHG	TGrieWfbwO	65432176602	670759716181	info@CPCOlhAcxyHzqHG.com	9979027d-1672-4108-95a4-eb5d346545a0	\N	\N	2019-02-14 20:43:20.123155+03:30	\N	\N	{}	1	0	UbVKCDbSAzyXlqEYLiNPPQaacgwexTDtuADYgHTgGRgsjk
0f704d9a-8bc0-4a09-b64c-b8fa2d778039	WuFlJxnLZwHEtDj	ZkSaQZtYImEAVoU	8551259296	479337891568	info@WuFlJxnLZwHEtDj.com	9979027d-1672-4108-95a4-eb5d346545a0	\N	\N	2019-02-14 20:43:20.137252+03:30	\N	\N	{}	1	0	UFxJZRvaXrxsaxJsBvOoxloRifmYvsAQxZBzrwZq
5f1867d8-4760-4c9b-8b2b-9a9cc1a476bb	yKRvvKwSAlPNBIvgXT	rvUoUVnntp	919018675424715	809416639994	info@yKRvvKwSAlPNBIvgXT.com	9979027d-1672-4108-95a4-eb5d346545a0	\N	\N	2019-02-14 20:43:20.150454+03:30	\N	\N	{}	0	0	EZDvcmGouLdOHGIMDKQWQLlqXwlyuZmybRuDEc
fb590361-3201-4f8a-b857-0df630f7908a	aPwoyDYniKfEarRQ	NBoIDCieTE	7883556466723	411029995923	info@aPwoyDYniKfEarRQ.com	9979027d-1672-4108-95a4-eb5d346545a0	\N	\N	2019-02-14 20:43:20.164214+03:30	\N	\N	{}	0	0	nsPmBQoARGytwjfxAxBLFVlDSCIvuYBhRRvuJj
691f658a-fe5b-4c15-807f-4b6fce552d7d	aRtvOECngzoshJFkE	UzdtcmKVige	0259790304730	034456523039	info@aRtvOECngzoshJFkE.com	9979027d-1672-4108-95a4-eb5d346545a0	\N	\N	2019-02-14 20:43:20.177933+03:30	\N	\N	{}	1	0	dyIgGvbKwDrlMwqoKgWIbLbwFOumMOdRomxuJBgGEYTQwJh
0407cab3-3af3-47e2-bbcd-830f6f087247	RDrsquRXlLmZZPqpBQ	nRstVsoORZvAqa	342631996776280	197453478524	info@RDrsquRXlLmZZPqpBQ.com	9979027d-1672-4108-95a4-eb5d346545a0	\N	\N	2019-02-14 20:43:20.191454+03:30	\N	\N	{}	0	0	UtAKxrNMtNdmHkgqCqRpUOxLZVCHukrqFTACLNPECUqJEy
2959b36e-e1ac-4132-89b7-3d25689c5701	jQtAlHZYhvCQRPkHUD	zOwquyKkjrLLCDE	438661154699	867727966899	info@jQtAlHZYhvCQRPkHUD.com	9979027d-1672-4108-95a4-eb5d346545a0	\N	\N	2019-02-14 20:43:20.205333+03:30	\N	\N	{}	1	0	HMeldqRtKsoXMysPFtZKIHKRPUnHxUhEJoRmGjHsDwQ
271d6694-d562-42ab-a294-6380880d6575	WIHbdJOlsYDIsqPRnYx	MOKuxRndpDVMnc	5572057870989	178692123622	info@WIHbdJOlsYDIsqPRnYx.com	9979027d-1672-4108-95a4-eb5d346545a0	\N	\N	2019-02-14 20:43:20.218741+03:30	\N	\N	{}	1	0	WybPLFtRGDHcDMqqSaZMAucXggAImVYkvcbjhxAPAkTfYKVqM
3a87154e-5ca5-4c01-885b-0dc89f01500b	eMsHjYnjJBhhOEJpnSO	iOAdVYnqrbox	0451142955341	137719515009	info@eMsHjYnjJBhhOEJpnSO.com	9979027d-1672-4108-95a4-eb5d346545a0	\N	\N	2019-02-14 20:43:20.232397+03:30	\N	\N	{}	1	0	msVuZUDUHVRyVgWeJKhclTlpiQRoOMu
c8122e6c-af01-4bc7-a528-3780cb70af01	gsyFMCaTXTuUAsalCIp	DCFNvyBJmYNS	7283821941	426103554401	info@gsyFMCaTXTuUAsalCIp.com	9979027d-1672-4108-95a4-eb5d346545a0	\N	\N	2019-02-14 20:43:20.245651+03:30	\N	\N	{}	0	0	KalXsdisiAuiNsEypSKALebUBFiNGWbQwonRuy
a1ce8027-53ec-4f4e-baa9-89eb91239bc9	cyImnAqNpkYRwCts	aDVhBYZyNp	5145301289921	334408991244	info@cyImnAqNpkYRwCts.com	9979027d-1672-4108-95a4-eb5d346545a0	\N	\N	2019-02-14 20:43:20.25894+03:30	\N	\N	{}	1	0	jOpSdSFSeeuTtMxUBssVJkxcHTcDpBaAsP
e98f3469-9d8c-4deb-9651-cda6c3a53ebc	VJboQFKjaygucAO	JyXlFSpljrnjLeF	8862131153	714572646649	info@VJboQFKjaygucAO.com	9979027d-1672-4108-95a4-eb5d346545a0	\N	\N	2019-02-14 20:43:20.272432+03:30	\N	\N	{}	1	0	guSKzaaHziwiBLPcUBEUMRvSrbufUdOcXIm
4c3d3a78-008d-4c96-afa3-78f14d90fda8	LpFKzdUdojhkMNhYe	SyfMFbpUDMERKP	79847501679686	000796208174	info@LpFKzdUdojhkMNhYe.com	9979027d-1672-4108-95a4-eb5d346545a0	\N	\N	2019-02-14 20:43:20.287044+03:30	\N	\N	{}	0	0	kTJlBFjQqsknNutHjbwxoxpEPFXuyjMKCVXfaGvsagHoCcXl
7f403e7e-802e-4404-acd3-c0d380fe7d1c	vLTsczIiyCIiqSkLpsOY	iyvSOyumLyJ	7057815251	702020657193	info@vLTsczIiyCIiqSkLpsOY.com	9979027d-1672-4108-95a4-eb5d346545a0	\N	\N	2019-02-14 20:43:20.300453+03:30	\N	\N	{}	1	0	fDydpxzrwsFFLVyNcJzXlFHOyapnLGarmBwb
563faadc-0152-4223-bc28-a4144961975d	vuWPzbbUBoZKnYX	flSGaGtJIkXJJy	60965055138	461048887010	info@vuWPzbbUBoZKnYX.com	9979027d-1672-4108-95a4-eb5d346545a0	\N	\N	2019-02-14 20:43:20.314581+03:30	\N	\N	{}	1	0	PotpYZJdtcOsTXDkvFAOzwuoCdKaVN
f5beecac-6850-4523-938a-7e1bab5f3cc1	kefZeEijamxSixy	sDuifTcvVGFXbv	67251366726	095093196497	info@kefZeEijamxSixy.com	9979027d-1672-4108-95a4-eb5d346545a0	\N	\N	2019-02-14 20:43:20.338317+03:30	\N	\N	{}	1	0	aBxVmlWDaZAaoXNAMhlcYmXJxxNMSq
638ffac8-7572-4bed-bb69-57d96a1c40ed	srfOeskhumhVCgieU	PYPdvYCsNOK	279393150675	157586004362	info@srfOeskhumhVCgieU.com	9979027d-1672-4108-95a4-eb5d346545a0	\N	\N	2019-02-14 20:43:20.353433+03:30	\N	\N	{}	1	0	qMvuIaRovvjAFBwBotAlVUaLpeHFGENwQISB
cd19174c-1290-4e09-b125-e3357c077909	MpFjAiQeeRuXSgsOGgD	nISryrkilltZ	440636201003	198653333509	info@MpFjAiQeeRuXSgsOGgD.com	9979027d-1672-4108-95a4-eb5d346545a0	\N	\N	2019-02-14 20:43:20.367348+03:30	\N	\N	{}	1	0	qsxsrGSbHzqZacmJKpyZvzCmuXDFcbdu
234e423c-c4e8-4565-af51-133398688181	ammIFqPggRikfruURvrQ	GmxJTaMwUIzH	76234804873598	060808440086	info@ammIFqPggRikfruURvrQ.com	9979027d-1672-4108-95a4-eb5d346545a0	\N	\N	2019-02-14 20:43:20.380368+03:30	\N	\N	{}	0	0	bxTPlunGmtKlqlEgkqmIjHCNvafHTGTufOmsIZyW
5113e480-c549-4c87-98d7-bce141be1160	lHlynSKdgTMPxBKY	STPlpubbOjdNh	209059184879	683180078661	info@lHlynSKdgTMPxBKY.com	9979027d-1672-4108-95a4-eb5d346545a0	\N	\N	2019-02-14 20:43:20.400476+03:30	\N	\N	{}	1	0	swosWEeyHlJPxPkdvjTyqDVNAJFYYMftIvlGbrFidOxCGKfdt
3a0587b3-afd4-437b-bf17-2563897154be	bjBYYBJeZiqgbzDoF	ImMlBmPjwv	5154587091	556046142141	info@bjBYYBJeZiqgbzDoF.com	9979027d-1672-4108-95a4-eb5d346545a0	\N	\N	2019-02-14 20:43:20.41437+03:30	\N	\N	{}	0	0	vnETiUMgMoHEpjFwNRuADSqGYmRRvpmSdTNnnZTzOaDfmJE
37584f81-157c-4f15-b231-e7ef0584c33a	aybFstMtIFKfvYyYrn	fNHeDJKivvOXxoa	982602013879	125295977962	info@aybFstMtIFKfvYyYrn.com	9979027d-1672-4108-95a4-eb5d346545a0	\N	\N	2019-02-14 20:43:20.428005+03:30	\N	\N	{}	0	0	TCUyjsolwkZHDmRuqOZBAmSpJuoEsCxoFtmQlaeJLfRORil
c7f4babd-4129-4329-8289-c8c42052c630	YKMAwHRGdhmVMLJR	vJSynclvVbMfM	5249774767	670387162596	info@YKMAwHRGdhmVMLJR.com	9979027d-1672-4108-95a4-eb5d346545a0	\N	\N	2019-02-14 20:43:20.441609+03:30	\N	\N	{}	0	0	blTGyTlwfsrzQsvxjpPmtBVUxXVJFfPgsKOSdbPJTGI
72899eb9-3920-4e8d-b0d4-f50e01da80ce	bflKVAwOdSKbRfMXKb	emuxrVMARSkEt	981183721882	749849671415	info@bflKVAwOdSKbRfMXKb.com	9979027d-1672-4108-95a4-eb5d346545a0	\N	\N	2019-02-14 20:43:20.454759+03:30	\N	\N	{}	1	0	gHFYZllSOMpkZnYRZLvnCbOOhhYyFbKljQlk
cc0c5eab-db9b-41ce-b4cd-ab99d21f21d8	WCrKsELfEchQXwuaKk	UJiZMUmXMzHqx	772563448678	938331946549	info@WCrKsELfEchQXwuaKk.com	9979027d-1672-4108-95a4-eb5d346545a0	\N	\N	2019-02-14 20:43:20.468258+03:30	\N	\N	{}	0	0	VQIHZrlPlWJjRvgfbfITOFxHDntPATaxLi
45f4dda5-80ae-42e6-8a3e-babc152d70bf	kZRzmQkxhfFoilxeb	bjiOExqzYoKi	848846661479	062075335902	info@kZRzmQkxhfFoilxeb.com	9979027d-1672-4108-95a4-eb5d346545a0	\N	\N	2019-02-14 20:43:20.48156+03:30	\N	\N	{}	0	0	CmRWIBMeXSlTFzVhXHhaxMfyxzbIlfqntj
a63863ad-9a9b-4b67-ba28-4148869e319a	CMagMstfysAHskQS	dxICYLKlTdAMomO	035602659917234	689980033119	info@CMagMstfysAHskQS.com	9979027d-1672-4108-95a4-eb5d346545a0	\N	\N	2019-02-14 20:43:20.494691+03:30	\N	\N	{}	1	0	WJHLRXIYIFNlOvgIGdnwydwgOdnjykvxVeInes
7df785d2-9d37-43df-a549-e9f54e900b17	mZAYnwgYCJLaHQyo	bDpaQNzlTj	987218254436	839891615511	info@mZAYnwgYCJLaHQyo.com	9979027d-1672-4108-95a4-eb5d346545a0	\N	\N	2019-02-14 20:43:20.508044+03:30	\N	\N	{}	0	0	GAXfZbqJdCtuKKLxMPKVLxvlkAEBVlRbNRimsBwVfRrqDePP
92b75adb-d916-4cd0-b23a-3b7896aa8e35	BlgygtLIaodLGgYXrKPs	NXcgpfngXIJI	260366515115662	687427102095	info@BlgygtLIaodLGgYXrKPs.com	9979027d-1672-4108-95a4-eb5d346545a0	\N	\N	2019-02-14 20:43:20.521959+03:30	\N	\N	{}	1	0	unbIKbVuEwnRwcuGkqahmXKYbbSCEVNy
2903efca-8b70-4a3a-a713-340918fae1fe	oiTPfpvcdMYhietZga	fkjindkTzZt	92101753601181	100130208807	info@oiTPfpvcdMYhietZga.com	9979027d-1672-4108-95a4-eb5d346545a0	\N	\N	2019-02-14 20:43:20.535596+03:30	\N	\N	{}	1	0	TnnvSUePXqRPZcqrgppmcSFbeLDDMGdfVsCPoh
ae4c2bc6-d3a2-4a9d-b75b-ae541733cf03	ozYDYdVrlngArbFS	sxkEfpkciOs	934016941800	682783900379	info@ozYDYdVrlngArbFS.com	9979027d-1672-4108-95a4-eb5d346545a0	\N	\N	2019-02-14 20:43:20.549193+03:30	\N	\N	{}	1	0	nWOmRNwoMOLRCZHcwZWuwjynxOiqTqMHMatFPRt
24a2c0fa-5a98-45f1-8464-f59fe1f894a7	IgxKGEOedNZBwXo	NWjgMYPYake	29048708108839	985859822478	info@IgxKGEOedNZBwXo.com	9979027d-1672-4108-95a4-eb5d346545a0	\N	\N	2019-02-14 20:43:20.562451+03:30	\N	\N	{}	0	0	mwwOuKWpKMQAgUcaBbSyYASEOCIvKONxnlnJXJzhxPidMmDppy
8ead3b5b-2723-4ef1-af74-dc090a227287	NyKRoMBLWsZvfmioKTP	QHduTPZkhzAuxKo	2331926485360	259352109081	info@NyKRoMBLWsZvfmioKTP.com	9979027d-1672-4108-95a4-eb5d346545a0	\N	\N	2019-02-14 20:43:20.576421+03:30	\N	\N	{}	0	0	yixwAyRlAKCQljrHflWLkflzqwXAISjGAIeciwOKiQbT
0f085ed1-81cc-4def-8c49-9f8d2028cfdd	SCGDZtPgfPybOaLgmR	uYlFwbPerSZSkbB	80791011422	444287343140	info@SCGDZtPgfPybOaLgmR.com	9979027d-1672-4108-95a4-eb5d346545a0	\N	\N	2019-02-14 20:43:20.589829+03:30	\N	\N	{}	1	0	FWkilNEQaGOlLbXbwXlaSTRtxkMFXWOEszmFMqyOYMzL
fd8dd87d-4c4f-4b68-9ad7-c50b55a5f085	znLWAlQUfmtrybOwpuQo	WczUqXISjY	633238824676387	215513456164	info@znLWAlQUfmtrybOwpuQo.com	9979027d-1672-4108-95a4-eb5d346545a0	\N	\N	2019-02-14 20:43:20.617194+03:30	\N	\N	{}	0	0	bwTSvsaRwwhsRYeKFKTCzbbnCTbOdZygWuztmZKjWUbPsFZ
fb846a44-7ce1-4ab3-982b-6e7927803370	rsbrvfGyyJocjnkFhj	vJkeHgFWBm	28167975595	108431573871	info@rsbrvfGyyJocjnkFhj.com	9979027d-1672-4108-95a4-eb5d346545a0	\N	\N	2019-02-14 20:43:20.633292+03:30	\N	\N	{}	1	0	FZZTYbZQFyDSeQCvtRvKRAjBfcVyEZWlaXEzzePgEuzKmdFfWA
027cf7c4-c76c-4d62-bd8c-c35cf354bb64	QcZRjdOihPgSSEzRDFIL	eKUQPZXmCNeeOvq	5295815006338	701907075045	info@QcZRjdOihPgSSEzRDFIL.com	9979027d-1672-4108-95a4-eb5d346545a0	\N	\N	2019-02-14 20:43:20.648055+03:30	\N	\N	{}	1	0	shMFFpilkFWftJGRkrvyYpbHjSrpPi
0a5d0954-a7b5-4fdd-a2ad-6bb4fef1cb09	HPyMwPXizcEGypprC	PAhgDoPxfh	25373982265522	998137546263	info@HPyMwPXizcEGypprC.com	9979027d-1672-4108-95a4-eb5d346545a0	\N	\N	2019-02-14 20:43:20.661405+03:30	\N	\N	{}	1	0	UbinWPgGVQMJAXFSgrxJeMAuJwMtMclgDvwaLEIIVUu
55b5aa54-a15e-4a4d-8eba-83966070d3d7	szPAqoJVAmrJKDfWfs	joblbHtjcpdBJdQ	12347356499842	162212146528	info@szPAqoJVAmrJKDfWfs.com	9979027d-1672-4108-95a4-eb5d346545a0	\N	\N	2019-02-14 20:43:20.675345+03:30	\N	\N	{}	0	0	CwujsnsByKtlkkgeFlkectKPJuQfgDGjbduvQ
5d637a91-355b-4d41-b775-e3a8d8c23e1b	xqYSckekOMVaqxTAN	uFMbkTmMwIjouIe	3891453683	158800530636	info@xqYSckekOMVaqxTAN.com	9979027d-1672-4108-95a4-eb5d346545a0	\N	\N	2019-02-14 20:43:20.695592+03:30	\N	\N	{}	0	0	sQBAuvDdClvAejYOxrZzoHjZQEFPMh
4482c42c-ce66-4d0e-b473-786e16b688d2	gxXhTvMwZxUZcfZ	ERTghbPiTTnjIU	2799860597773	615319420892	info@gxXhTvMwZxUZcfZ.com	9979027d-1672-4108-95a4-eb5d346545a0	\N	\N	2019-02-14 20:43:20.709532+03:30	\N	\N	{}	1	0	snIIglGtJseGDjFrvCYoTxlqZaWViqzCdj
ea3483ff-e7c4-433d-bd82-29a6f64c61c6	KwsfFkJoQUtHPXf	rFRJeTfbdVDf	887526451431824	362881393652	info@KwsfFkJoQUtHPXf.com	9979027d-1672-4108-95a4-eb5d346545a0	\N	\N	2019-02-14 20:43:20.723069+03:30	\N	\N	{}	1	0	dGgqRriJmLqZgsTVpUpiDbHQJMgUPAKUiTLzKtkwhC
a8dcc32b-140a-4a3f-9da8-674d17ee512c	puQKMMcuPfBHoqokFovZ	OMxYiJwPMt	833479656627	855286649509	info@puQKMMcuPfBHoqokFovZ.com	9979027d-1672-4108-95a4-eb5d346545a0	\N	\N	2019-02-14 20:43:20.736688+03:30	\N	\N	{}	1	0	YVBcbOvuoOiFpYBEEqDRSaEtKfsvoBDMWhQyvoUjCeo
0d1e1d8b-aa96-4a35-b833-ecc5f6ae0414	DSXHkbBCdFXnMQKA	OoQXgqSwKeboSuT	8925894541	861627079458	info@DSXHkbBCdFXnMQKA.com	9979027d-1672-4108-95a4-eb5d346545a0	\N	\N	2019-02-14 20:43:20.750409+03:30	\N	\N	{}	0	0	tQEnMQhPpeTQcEqSBhqCRgrttMjYGnibDOrreYGvfBLHFC
ddc6ace0-0f21-4229-b8e8-9d9cdfdd7c26	iLTMczDVUQgtyTDa	RRqXRYTwaGgHkh	336164036000	164618110894	info@iLTMczDVUQgtyTDa.com	9979027d-1672-4108-95a4-eb5d346545a0	\N	\N	2019-02-14 20:43:20.764272+03:30	\N	\N	{}	1	0	WbzQzcuygEvheXbfvAFRqZFIKRsTgjl
574d8260-8ea3-4bbb-86f9-5dce8e235a23	nkuOoQMwVHebHhG	iovANAIztBSZMf	511158067540697	539245697192	info@nkuOoQMwVHebHhG.com	9979027d-1672-4108-95a4-eb5d346545a0	\N	\N	2019-02-14 20:43:20.777935+03:30	\N	\N	{}	0	0	UDuVtanXGCkQtFHSbJHVLlOVOBllqlomQjHJlvgrx
296ffff0-ad6d-4f1a-951b-7896e43812f1	HSyqMZzTuKglIumt	EGUqWDygoVofuh	9355727157	789201684426	info@HSyqMZzTuKglIumt.com	9979027d-1672-4108-95a4-eb5d346545a0	\N	\N	2019-02-14 20:43:20.791573+03:30	\N	\N	{}	0	0	VVYPeOcmTCTAXyrAPSwSmYBMxbkZbR
cadd434b-907e-451d-9640-dc92a3038511	wmRMQgQCbuxDtwuuLoqF	rGOQKzRlQi	262486133692	983236261569	info@wmRMQgQCbuxDtwuuLoqF.com	9979027d-1672-4108-95a4-eb5d346545a0	\N	\N	2019-02-14 20:43:20.805159+03:30	\N	\N	{}	0	0	QiBaodYiNnjBYGsCcdbKfuYkEtDeAVxtf
dd617fca-5d8c-4feb-9b40-871897e1bb69	TTcUBpHNqfvKhXo	JvGiHKDKQgfNZK	856039946294	062863659728	info@TTcUBpHNqfvKhXo.com	9979027d-1672-4108-95a4-eb5d346545a0	\N	\N	2019-02-14 20:43:20.819059+03:30	\N	\N	{}	1	0	zWGLrLbfSJDOJhFTVwuuwQBGVuvlEthEPnriyvqtgtjRC
08064df7-d158-4c4a-9188-107d28fac702	kYpGulyvTURqFWjmCb	tJcQzxwUINXZaXO	5352435105	175613814369	info@kYpGulyvTURqFWjmCb.com	9979027d-1672-4108-95a4-eb5d346545a0	\N	\N	2019-02-14 20:43:20.832568+03:30	\N	\N	{}	0	0	EjHbyQUBXkYyRNGVldCleFWGBGgtLqaP
d9a607f4-bdd5-41cd-b8a2-fabad3175943	iSzaOBxyBvsOdpzj	MNZiTCpbvcRVUTf	0739096956	848609152568	info@iSzaOBxyBvsOdpzj.com	9979027d-1672-4108-95a4-eb5d346545a0	\N	\N	2019-02-14 20:43:20.846207+03:30	\N	\N	{}	0	0	TXymfNhkScnVBoRnTdBJhcMONLVPlXtgXsTehAO
7959112a-7790-46fd-82ea-4a0932718947	EdwhSpVNTyXcCjrruMGH	AoLsHpBjfcPJYx	400525173849971	912105290081	info@EdwhSpVNTyXcCjrruMGH.com	9979027d-1672-4108-95a4-eb5d346545a0	\N	\N	2019-02-14 20:43:20.860108+03:30	\N	\N	{}	0	0	ckRVtmIHlHnbBgYCNxThqTSkCjGAkB
3082f8e8-bfb7-447d-ada7-8074b96856d1	pNRKHDuqQCdsfKs	zScJIvbtZmbZX	36654320932637	788183274747	info@pNRKHDuqQCdsfKs.com	9979027d-1672-4108-95a4-eb5d346545a0	\N	\N	2019-02-14 20:43:20.888215+03:30	\N	\N	{}	0	0	IDpwxgWyfSRSRpZuYAJKubdYpzXDIVrQAhMZpKXUF
b6030019-3bc6-4460-8666-cc7a7e01c270	OWGPsGQdQmFVmuUJZdG	tHaiIrUgoZY	7200267440	042367572218	info@OWGPsGQdQmFVmuUJZdG.com	9979027d-1672-4108-95a4-eb5d346545a0	\N	\N	2019-02-14 20:43:20.902497+03:30	\N	\N	{}	1	0	XBwYZzwgtoUfJBfkCRgYMCzNRUyiWTrVUnutOSBjGyO
3d79be88-4ce4-43a9-a6c7-3696674e1926	bVbdOIeamFQgZqqwJhtd	nyLhAvnylfZjG	78681685181797	680610485846	info@bVbdOIeamFQgZqqwJhtd.com	9979027d-1672-4108-95a4-eb5d346545a0	\N	\N	2019-02-14 20:43:20.916419+03:30	\N	\N	{}	1	0	HcmxomeGeryMXNDkWbWvWTZsoupuTKLCOZzD
2bc00e79-f607-4a20-83ef-0080a21dee7f	GlSxjfUZKgvmCqIyrcm	RghcrjSsKx	67924067873251	157594320633	info@GlSxjfUZKgvmCqIyrcm.com	9979027d-1672-4108-95a4-eb5d346545a0	\N	\N	2019-02-14 20:43:20.929846+03:30	\N	\N	{}	1	0	AJqjIIemWZDtsFTesqHHcyPtaAelDHiDQAPZI
e55f64a5-aaba-45bd-aeca-0d8402288c94	nHWqAPYTtsmAbOaqHc	NNVUXZNYQO	573720809761	955535408754	info@nHWqAPYTtsmAbOaqHc.com	9979027d-1672-4108-95a4-eb5d346545a0	\N	\N	2019-02-14 20:43:20.943271+03:30	\N	\N	{}	0	0	imIqXliHFyFZlxlLsAyOiVnGiabPkyluktMIeurMUwlGVzRO
16b7fd18-1e8a-4b66-ab47-436f7367e92f	rEJprrXtvOdtzzdUoN	igmfdAlyzeoC	28203516139	672005553005	info@rEJprrXtvOdtzzdUoN.com	9979027d-1672-4108-95a4-eb5d346545a0	\N	\N	2019-02-14 20:43:20.956903+03:30	\N	\N	{}	1	0	mfPpEHdrvIEBLgMGiyHhxyGiVtWVFzvTGmIKWNdRyiSJqe
ddfdf88c-cd06-475a-b4e5-fa5ac166a0a7	AdzhCZPMuJirqJOJ	BuZXHDohNjqDpKD	3368028383	937663638922	info@AdzhCZPMuJirqJOJ.com	9979027d-1672-4108-95a4-eb5d346545a0	\N	\N	2019-02-14 20:43:20.970524+03:30	\N	\N	{}	0	0	SPecuZNjxzoifBcehgUWyKFSYzRezdTusxWPWMywnmGvQi
26eed5da-a4b7-46e6-95f9-c43c0d4ecaa9	xqVTRgAjgzdmbGFV	CTOBHoZvDfqTN	84733592301	500210439758	info@xqVTRgAjgzdmbGFV.com	9979027d-1672-4108-95a4-eb5d346545a0	\N	\N	2019-02-14 20:43:20.984434+03:30	\N	\N	{}	0	0	fyvVqnBfyyANGFAsURMQcfOiMSXlSgmaG
aabfa1d7-dc5b-4d1e-b084-2c566437381d	vwxYDvyflgkNAEeMUGrL	fdoRXwfZCo	11429202563977	105043760163	info@vwxYDvyflgkNAEeMUGrL.com	9979027d-1672-4108-95a4-eb5d346545a0	\N	\N	2019-02-14 20:43:20.998144+03:30	\N	\N	{}	0	0	bJCNdIWYSsbpzCQMSnIayVpNxxAWkNxLybADjybeqCTRhL
4cf04f70-2032-40d3-8899-bf7521c31f78	zyOBYjSmJPmfzbEnZ	ndqmgUELnWsyETZ	1301791404	237754978255	info@zyOBYjSmJPmfzbEnZ.com	9979027d-1672-4108-95a4-eb5d346545a0	\N	\N	2019-02-14 20:43:21.011692+03:30	\N	\N	{}	1	0	vGBrfwogaDspKujRXhKCmTKhObxqednCjRtqpJWroqgzkPQI
9b939a96-175c-42e0-879c-ab542f89a469	CKKWxrkApaeuqIdHdvY	RPDkvCUmuEKw	80093047067	148249050048	info@CKKWxrkApaeuqIdHdvY.com	9979027d-1672-4108-95a4-eb5d346545a0	\N	\N	2019-02-14 20:43:21.025148+03:30	\N	\N	{}	0	0	yxMWogRcswQUFKrdNqLWNqtBjTBAXVCVuPri
1d863f88-4fa4-40ad-9472-c70af1d404cb	IKPgCkONDraVCYiURLgk	gHKKEEBYPZIZQp	09916714239377	551572078346	info@IKPgCkONDraVCYiURLgk.com	9979027d-1672-4108-95a4-eb5d346545a0	\N	\N	2019-02-14 20:43:21.039014+03:30	\N	\N	{}	0	0	jWvOnakHDNbPKMOLKBwQzTCBUMuuGoNqLIEaipJOekdo
65374bda-33d1-4023-9c76-6d7a3fc03b3e	rbHszzrSdUPRqJYfyOSG	sRjCfNmIdLbETT	0302133663795	321075910501	info@rbHszzrSdUPRqJYfyOSG.com	9979027d-1672-4108-95a4-eb5d346545a0	\N	\N	2019-02-14 20:43:21.052388+03:30	\N	\N	{}	0	0	qiMlxKlgzCiysPXXqCVibfDeenSGjgPZqcm
af3c9f08-483b-4a2c-8785-15e79dfbf086	OXwOaGouyLRopPyQ	evARNictye	0810612660	473470772920	info@OXwOaGouyLRopPyQ.com	9979027d-1672-4108-95a4-eb5d346545a0	\N	\N	2019-02-14 20:43:21.065956+03:30	\N	\N	{}	0	0	ZTVXxhZpIphgUzKOnOwtiTNZiEWVuNUvgp
9b51aab6-0ab5-47cb-b052-94a983ef53ae	FyTWHlgnFfZvvProx	dzVhxqEKmb	2656121660	579208269490	info@FyTWHlgnFfZvvProx.com	9979027d-1672-4108-95a4-eb5d346545a0	\N	\N	2019-02-14 20:43:21.079475+03:30	\N	\N	{}	1	0	YPVmrPqpPtipCNTDYgAfppGlDrnoBzyBOvnhLeWCXhT
70f0e3ad-8249-4223-bb18-044dceefdc22	uOESuhajygxBzMRA	rBCnQjauiEtPXvl	153839630580266	903293833008	info@uOESuhajygxBzMRA.com	9979027d-1672-4108-95a4-eb5d346545a0	\N	\N	2019-02-14 20:43:21.093577+03:30	\N	\N	{}	1	0	ZwTghAXrOPfaUjPkfgeqOHbTvQpZEKNdGIKPkJHy
0039a158-4716-482c-8073-9ca86b61563f	mBVxQFdYjTnSviNnzn	JcZrMLHwVqXW	8518460949	533248010634	info@mBVxQFdYjTnSviNnzn.com	9979027d-1672-4108-95a4-eb5d346545a0	\N	\N	2019-02-14 20:43:21.106898+03:30	\N	\N	{}	1	0	SOmRkqpDrFbyWKYZMxnDhzJqVrwilNefcsxoiOUBwXbSib
13097176-ec89-4967-814b-72c232be713c	WYiBiiKYDBUNOJTVlL	CVJWyFtaXD	4121867642381	967197122307	info@WYiBiiKYDBUNOJTVlL.com	9979027d-1672-4108-95a4-eb5d346545a0	\N	\N	2019-02-14 20:43:21.120991+03:30	\N	\N	{}	0	0	kckbFmcIynYiBqmExbCCenaLViOZwnIgrsjwengcaFmbXY
0586aba7-5300-48e6-bca5-627d0e08e8c2	wblziYBttLkvHXDoOXXK	LrhNYTpvTYr	6628382309	744912989290	info@wblziYBttLkvHXDoOXXK.com	9979027d-1672-4108-95a4-eb5d346545a0	\N	\N	2019-02-14 20:43:21.134675+03:30	\N	\N	{}	0	0	rzdQrzCJEMFGsMsXyBFdcKDNUsSLSWVKWyCpyEaeQHk
6c9cdddb-0bd6-497d-b361-7d28414e9a54	TcIuFqXhAaWxSQIMneWl	ACCEcgxksK	24734261812	301867714930	info@TcIuFqXhAaWxSQIMneWl.com	9979027d-1672-4108-95a4-eb5d346545a0	\N	\N	2019-02-14 20:43:21.158566+03:30	\N	\N	{}	0	0	hUkrzhOZmyxZnwKxoLUtcsZdxdJFNtxXphqoOEpdfPeSLo
ef354d50-ac8e-4094-a3b5-a8e3fdcfeab1	zbMVDgWJGzunonknc	esIKKlpZPkkfcLG	80421277546538	729400559336	info@zbMVDgWJGzunonknc.com	9979027d-1672-4108-95a4-eb5d346545a0	\N	\N	2019-02-14 20:43:21.174983+03:30	\N	\N	{}	1	0	UTTGsadWfSoBypLGkajPAVfQhOrEAvPx
a52d718c-5d36-4a69-a239-f03398a0cb37	jDiJhFQbtSCiFIvHT	IpSAWgrCJO	855192688274	490590399777	info@jDiJhFQbtSCiFIvHT.com	9979027d-1672-4108-95a4-eb5d346545a0	\N	\N	2019-02-14 20:43:21.195102+03:30	\N	\N	{}	0	0	tpbLXgoITCfMhdxFdtjNMwRqRmNmdtyXiBKhhbSdd
735e5843-ab94-4e36-8446-74092e6d114c	pmaOsDkDswbKOswE	CxcBIeLRnOjQ	8308001430	267883644938	info@pmaOsDkDswbKOswE.com	9979027d-1672-4108-95a4-eb5d346545a0	\N	\N	2019-02-14 20:43:21.215494+03:30	\N	\N	{}	1	0	aAVltpSawAyWOGcwnIoKhENjzNquyfBYIzlBoDDkgCjWk
d6d2bb18-037d-428b-ba91-ee6704170ce0	SzvilcmyMNMeIKKlKS	vvZbylHcwF	332970356354278	042183417566	info@SzvilcmyMNMeIKKlKS.com	9979027d-1672-4108-95a4-eb5d346545a0	\N	\N	2019-02-14 20:43:21.229037+03:30	\N	\N	{}	0	0	tJWJoDLwyorHERYfdDrjubkKmkLIolHJvFSjIeHHu
363972f1-e5f8-4af1-9d71-228dc6c4b3c8	qyUPFauZJQAWaPil	yzHHuMZFVfpEZQu	475870659872	156003636580	info@qyUPFauZJQAWaPil.com	9979027d-1672-4108-95a4-eb5d346545a0	\N	\N	2019-02-14 20:43:21.242827+03:30	\N	\N	{}	0	0	PSQrfeZRlHplqLKsnVSNHyWnTFBJvDfKWYC
c6f1cc6a-ac8c-458e-bedf-1c47ace0f50e	eDWPKocBznVnIncsObfh	gTDkaNiarnEuJw	30893384164	354105208842	info@eDWPKocBznVnIncsObfh.com	9979027d-1672-4108-95a4-eb5d346545a0	\N	\N	2019-02-14 20:43:21.256456+03:30	\N	\N	{}	1	0	viWrPwPxVDcJbXBrgVOzwSkDiAXgPKtKsQ
6994a362-8817-451d-ad75-96ed52dc25f5	HMsgJXluakvtRsIQ	CcwldTRUdnGyDjh	3405585157669	191308088514	info@HMsgJXluakvtRsIQ.com	9979027d-1672-4108-95a4-eb5d346545a0	\N	\N	2019-02-14 20:43:21.269957+03:30	\N	\N	{}	1	0	rjBWZdBczHnUGsipopCpsBvqRVuwdvGw
ee7736f8-c05d-4d5f-b9b7-62a1ff4c826d	HvfkwHLDvHlPqCfHF	cGsuzqovTkBsqkn	479738669037	426262767285	info@HvfkwHLDvHlPqCfHF.com	9979027d-1672-4108-95a4-eb5d346545a0	\N	\N	2019-02-14 20:43:21.298211+03:30	\N	\N	{}	1	0	hxhftslcHluIFDLEvvcrJUFyDkKhbXblwkQREBtM
665196b9-7726-4d32-9dae-c200465e9c1c	PwUuHApCEgnAONfa	MeWPrSbHjgl	44504294798804	504242007899	info@PwUuHApCEgnAONfa.com	9979027d-1672-4108-95a4-eb5d346545a0	\N	\N	2019-02-14 20:43:21.312253+03:30	\N	\N	{}	1	0	WDryyHWoGWUjaIziOcuuEvhaLKSCvRatw
95533331-8654-4965-9bfb-911764351d0d	TvdpLjLfvNPuwdXS	bNheYrwDPqdImy	3935570448	055577685587	info@TvdpLjLfvNPuwdXS.com	9979027d-1672-4108-95a4-eb5d346545a0	\N	\N	2019-02-14 20:43:21.326218+03:30	\N	\N	{}	0	0	zLZOJdzlzwYIZieVmBuOqUVsaGXAPdp
d0a843c5-6b38-4cde-9fa8-e417e8b93d17	QrhaUgnTdnbeVibHjVxZ	StsARssWKjPds	100153638423387	954347245430	info@QrhaUgnTdnbeVibHjVxZ.com	9979027d-1672-4108-95a4-eb5d346545a0	\N	\N	2019-02-14 20:43:21.339987+03:30	\N	\N	{}	1	0	jynnrtGoEWuPWMXTeUKqmevwqbsNttcdrss
e9838aef-20ae-468c-8b04-1f16202ba239	NbzRZVIvJfOQcBGO	emWFGLazoDS	077306465272	365845881906	info@NbzRZVIvJfOQcBGO.com	9979027d-1672-4108-95a4-eb5d346545a0	\N	\N	2019-02-14 20:43:21.36311+03:30	\N	\N	{}	1	0	wDiEbLZeQoGSjeFlVJskvojLXgInNfDlKNqlA
b918462b-ded9-4e5a-85f9-32711c1b4ad5	rQfyKOEscZBwmwMVjjCr	ryecJruWrmqkR	40400498674984	792813929751	info@rQfyKOEscZBwmwMVjjCr.com	9979027d-1672-4108-95a4-eb5d346545a0	\N	\N	2019-02-14 20:43:21.377007+03:30	\N	\N	{}	1	0	FFCpasBUklczhFyppPwPHJukNUMJHBQMHSBJnCdXP
ee9f9e28-5752-473c-9dc4-f9e5496dba96	WxmwODoLTvwNIKJU	RxjFgeHpRlu	79464527754068	070984840232	info@WxmwODoLTvwNIKJU.com	9979027d-1672-4108-95a4-eb5d346545a0	\N	\N	2019-02-14 20:43:21.390829+03:30	\N	\N	{}	1	0	QDLsSlidCbcFsaFWFPJHUqfJEMfZiT
eb0bfa88-6877-4356-aba3-c341dea80b6e	aWTSQgAtKExQwYxuFNDo	VwSBIyaStKsrd	81156738315	683804484666	info@aWTSQgAtKExQwYxuFNDo.com	9979027d-1672-4108-95a4-eb5d346545a0	\N	\N	2019-02-14 20:43:21.404642+03:30	\N	\N	{}	0	0	crpheZvtCTphjIkYWUzPtLFpRxuWQsTUjkeplZjQ
85de99da-8b04-4ff8-9b0b-4f785f925e23	AxfIiDGeeVzRDpj	jFsbApnlTcyULO	5854686690	293318045996	info@AxfIiDGeeVzRDpj.com	9979027d-1672-4108-95a4-eb5d346545a0	\N	\N	2019-02-14 20:43:21.418492+03:30	\N	\N	{}	0	0	TaIGpYWdvuzxAbecDdjwKTwZvcoMuQANqIwHISkDojconH
d3541fe4-2325-482f-97a8-2f7dafc9d69a	SkcPWXnvSPLGKbGz	OXBWpmBFxeuM	33150113939	470882965953	info@SkcPWXnvSPLGKbGz.com	9979027d-1672-4108-95a4-eb5d346545a0	\N	\N	2019-02-14 20:43:21.432245+03:30	\N	\N	{}	1	0	RTzdgmIFFCcUMveJCuUkQeodktNkpCpGVoLdawKfa
360bbf9b-ff53-4958-a904-0d5225bce696	cmiGXMcrwsWMWihLu	NjEiXsLZoxhOjJ	318554938936905	524328852768	info@cmiGXMcrwsWMWihLu.com	9979027d-1672-4108-95a4-eb5d346545a0	\N	\N	2019-02-14 20:43:21.445907+03:30	\N	\N	{}	1	0	dgQiOLCrzwJkAkhXhSGLmMhsTrwgULFZTWHhJlBIhmViWehf
33fb2196-98c5-4556-863a-55ed9f453997	nTibADvUbDomIph	xPsiscsexCcbjH	52081193281032	793189069145	info@nTibADvUbDomIph.com	9979027d-1672-4108-95a4-eb5d346545a0	\N	\N	2019-02-14 20:43:21.45975+03:30	\N	\N	{}	1	0	kpQLbTqpQphRcMCgYVKbhWyVCXikAzBkQuXsNpJd
6c05085c-ab1c-4309-acbc-294f3a4cc0d8	qWiCYrCWBFDzDAB	KlCmmPCIOuVEDb	85500038743265	876990201606	info@qWiCYrCWBFDzDAB.com	9979027d-1672-4108-95a4-eb5d346545a0	\N	\N	2019-02-14 20:43:21.483198+03:30	\N	\N	{}	0	0	tpariyRqdlDmMnynAoAWJAiVeDwCWCGrr
a7be014d-b1c1-4417-a518-b2698a5c5e15	iBHbTkMWWYJwnJN	HyQSUuxQwvuf	4799437915163	785983123733	info@iBHbTkMWWYJwnJN.com	9979027d-1672-4108-95a4-eb5d346545a0	\N	\N	2019-02-14 20:43:21.501024+03:30	\N	\N	{}	0	0	UfKiSHxNgEsWKVkBvlBKDlAMPhQrHsODzYlRHieQPymBUWC
8be8f4cc-e31c-4979-8fc4-81072a41f03d	HfemtezkLPbuHRxGpK	ZVGpkEDlYZPQI	013884117241	088553163256	info@HfemtezkLPbuHRxGpK.com	9979027d-1672-4108-95a4-eb5d346545a0	\N	\N	2019-02-14 20:43:21.514837+03:30	\N	\N	{}	0	0	bERZaotymxmzEUvdbZUtCjImQHCXrqIuXBwxRpYDO
894be61a-8a94-41bc-b044-b705304adaf0	CSGxwhWQDAzLOPTQP	jzJGAFftWDwk	867165148305296	053565799052	info@CSGxwhWQDAzLOPTQP.com	9979027d-1672-4108-95a4-eb5d346545a0	\N	\N	2019-02-14 20:43:21.528418+03:30	\N	\N	{}	0	0	ySDVteCqwmQqiEcAIcdYErVHKyEbHwcFrICMOFDmTTddXFe
c9ab65e9-dae7-4181-a12a-443b269c2688	hSVbWCZwTdFVIRBOsV	jfCYmdRZqZkp	885649232722	262160892885	info@hSVbWCZwTdFVIRBOsV.com	9979027d-1672-4108-95a4-eb5d346545a0	\N	\N	2019-02-14 20:43:17.64685+03:30	2019-02-14 20:56:21.038939+03:30	\N	{}	1	0	sJqzncIPtTncjtJHrTVKWwoJBqhjJfkBoacceNrXI
5258404d-4f22-4e67-a24f-87a5bb4d64d5	Rightel					a2e60f5a-1df2-480d-a034-8d096a9aa83c	\N	\N	2019-02-16 18:35:02.826579+03:30	\N	\N	{}	1	0	
\.


--
-- TOC entry 2336 (class 0 OID 26318)
-- Dependencies: 200
-- Data for Name: content_providers; Type: TABLE DATA; Schema: public; Owner: -
--

COPY public.content_providers (id, name, title, code, phone, email, created_by, deleted_by, updated_by, created_at, deleted_at, updated_at, details, status, situation, description) FROM stdin;
\.


--
-- TOC entry 2334 (class 0 OID 26258)
-- Dependencies: 198
-- Data for Name: entities; Type: TABLE DATA; Schema: public; Owner: -
--

COPY public.entities (id, name, title, created_by, deleted_by, updated_by, created_at, deleted_at, updated_at, type, status, situation, description) FROM stdin;
cb3d5588-c187-4f14-a6da-0214f7ad0540	aggrigators	aggrigators	9979027d-1672-4108-95a4-eb5d346545a0	\N	\N	2019-02-16 00:09:58.116889+03:30	\N	\N	0	1	0	
cdf07567-f987-437b-9087-98bdf89fed1a	entities	entities	9979027d-1672-4108-95a4-eb5d346545a0	\N	\N	2019-02-16 00:09:58.116889+03:30	\N	\N	0	1	0	
8ab2079c-5af9-4d12-9d84-a664e59dc2d5	mobile_operators	mobile_operators	9979027d-1672-4108-95a4-eb5d346545a0	\N	\N	2019-02-16 00:09:58.116889+03:30	\N	\N	0	1	0	
cbf4122c-baf4-4e44-9d85-7e55a3f7d91c	security_roles	security_roles	9979027d-1672-4108-95a4-eb5d346545a0	\N	\N	2019-02-16 00:09:58.116889+03:30	\N	\N	0	1	0	
e534692f-870e-4325-819d-09e3ccb1f116	users	users	9979027d-1672-4108-95a4-eb5d346545a0	\N	\N	2019-02-16 00:09:58.116889+03:30	\N	\N	0	1	0	
98b0fac1-e3bc-4220-9447-22fba5a12b58	users_security_roles	users_security_roles	9979027d-1672-4108-95a4-eb5d346545a0	\N	\N	2019-02-16 00:09:58.116889+03:30	\N	\N	0	1	0	
350a81ec-4da3-4568-a15b-b8e581f8f6ff	privileges	privileges table	9979027d-1672-4108-95a4-eb5d346545a0	\N	9979027d-1672-4108-95a4-eb5d346545a0	2019-02-16 00:09:58.116889+03:30	\N	2019-02-17 02:34:33.072965+03:30	0	1	0	
29c835d5-3049-46de-8aaf-e9f3730aa820	content_providers	content_providers	9979027d-1672-4108-95a4-eb5d346545a0	\N	\N	2019-02-18 00:31:06.348469+03:30	\N	\N	0	1	0	
\.


--
-- TOC entry 2331 (class 0 OID 26054)
-- Dependencies: 195
-- Data for Name: mobile_operators; Type: TABLE DATA; Schema: public; Owner: -
--

COPY public.mobile_operators (id, name, title, code, phone, email, created_by, deleted_by, updated_by, created_at, deleted_at, updated_at, details, status, situation, description) FROM stdin;
39df44e9-7d78-42e4-8bfe-6d06eb66b8a7	345345					9979027d-1672-4108-95a4-eb5d346545a0	\N	9979027d-1672-4108-95a4-eb5d346545a0	2019-02-18 15:02:40.926749+03:30	2019-02-19 11:10:04.261177+03:30	2019-02-19 00:48:39.258534+03:30	{"name":"masoudi","id":"120","color":"red"}	1	0	
8244212f-11c5-4990-8b6b-b8ce6cd3c93b	345345345435					9979027d-1672-4108-95a4-eb5d346545a0	\N	9979027d-1672-4108-95a4-eb5d346545a0	2019-02-18 15:02:46.80368+03:30	2019-02-19 11:10:04.28134+03:30	2019-02-19 11:09:37.060109+03:30	{"id":"12"}	1	0	
0a66159c-6a54-45db-a657-b0fa4945afc3	Hamrah Aval	MCI	0001	1818	info@mci.ir	a2e60f5a-1df2-480d-a034-8d096a9aa83c	\N	\N	2019-02-14 18:24:48.720582+03:30	\N	\N	{}	1	0	Mobile Telecommunication Company of Iran, commonly abbreviated as MCI and also known under its brand name Hamrahe Aval, is the first and largest mobile operator in Iran. MCI is a subsidiary of the Telecommunication Company of Iran and has approximately 17 million postpaid and 49 million prepaid subscribers.
a8c7638f-9d9e-491f-b5ff-85731a32fc44	Irancell	MTN	0002	0935	info@mtn-irancell.ir	a2e60f5a-1df2-480d-a034-8d096a9aa83c	\N	9979027d-1672-4108-95a4-eb5d346545a0	2019-02-14 18:28:03.143696+03:30	\N	2019-02-18 22:47:59.234414+03:30	{}	1	0	
\.


--
-- TOC entry 2335 (class 0 OID 26284)
-- Dependencies: 199
-- Data for Name: privileges; Type: TABLE DATA; Schema: public; Owner: -
--

COPY public.privileges (id, security_role, entity, privilege_string, created_by, deleted_by, updated_by, created_at, deleted_at, updated_at, status, situation, description) FROM stdin;
24d8fff8-3113-4adc-859b-b6a76032caea	3c230a5e-76a9-48a6-a51b-60fb3a8f7117	e534692f-870e-4325-819d-09e3ccb1f116	11111000000000000000	9979027d-1672-4108-95a4-eb5d346545a0	\N	\N	2019-02-17 20:41:02.693419+03:30	\N	\N	1	0	
4a2a5343-2448-49f7-a2d8-13c57ab39cbf	3c230a5e-76a9-48a6-a51b-60fb3a8f7117	cbf4122c-baf4-4e44-9d85-7e55a3f7d91c	11111000000000000000	9979027d-1672-4108-95a4-eb5d346545a0	\N	\N	2019-02-17 20:41:36.7189+03:30	\N	\N	1	0	
2980d55b-4b56-4731-956f-9d2d16761d74	3c230a5e-76a9-48a6-a51b-60fb3a8f7117	98b0fac1-e3bc-4220-9447-22fba5a12b58	11111000000000000000	9979027d-1672-4108-95a4-eb5d346545a0	\N	\N	2019-02-17 20:41:56.229949+03:30	\N	\N	1	0	
2588e377-6009-4fdb-9fe3-e704bd58c921	3c230a5e-76a9-48a6-a51b-60fb3a8f7117	cdf07567-f987-437b-9087-98bdf89fed1a	11111000000000000000	9979027d-1672-4108-95a4-eb5d346545a0	\N	\N	2019-02-17 20:42:20.123938+03:30	\N	\N	1	0	
9bd87358-97f8-4f92-93e5-5c1569c016fd	3c230a5e-76a9-48a6-a51b-60fb3a8f7117	350a81ec-4da3-4568-a15b-b8e581f8f6ff	11111000000000000000	9979027d-1672-4108-95a4-eb5d346545a0	\N	\N	2019-02-17 20:42:35.801061+03:30	\N	\N	1	0	
e075da20-86f6-4d69-b314-6b236d7759c5	39968d78-6e29-47d5-a8ef-923c9e5724d2	cb3d5588-c187-4f14-a6da-0214f7ad0540	11000000000000000000	a2e60f5a-1df2-480d-a034-8d096a9aa83c	\N	\N	2019-02-17 22:46:45.818911+03:30	\N	\N	1	0	
3bc6ea57-b3f4-4d51-83d5-af36a0defa57	39968d78-6e29-47d5-a8ef-923c9e5724d2	8ab2079c-5af9-4d12-9d84-a664e59dc2d5	11000000000000000000	a2e60f5a-1df2-480d-a034-8d096a9aa83c	\N	a2e60f5a-1df2-480d-a034-8d096a9aa83c	2019-02-17 22:46:02.447261+03:30	\N	2019-02-17 22:46:56.255962+03:30	1	0	
2c5d91ea-6e11-441b-8db3-8e3ffe6a17f4	39968d78-6e29-47d5-a8ef-923c9e5724d2	29c835d5-3049-46de-8aaf-e9f3730aa820	11000000000000000000	a2e60f5a-1df2-480d-a034-8d096a9aa83c	\N	\N	2019-02-18 00:32:16.830891+03:30	\N	\N	1	0	
\.


--
-- TOC entry 2332 (class 0 OID 26198)
-- Dependencies: 196
-- Data for Name: security_roles; Type: TABLE DATA; Schema: public; Owner: -
--

COPY public.security_roles (id, name, title, created_by, deleted_by, updated_by, created_at, deleted_at, updated_at, status, situation, description) FROM stdin;
39968d78-6e29-47d5-a8ef-923c9e5724d2	service manager	service manager	a2e60f5a-1df2-480d-a034-8d096a9aa83c	\N	\N	2019-02-16 19:29:42.235301+03:30	\N	\N	1	0	
3c230a5e-76a9-48a6-a51b-60fb3a8f7117	security manager	management of security and privileges	9979027d-1672-4108-95a4-eb5d346545a0	\N	\N	2019-02-17 20:30:13.869463+03:30	\N	\N	1	0	
b5a2e7ab-d9fa-4db9-9f45-6a53b0094d7d	uploader	upload content	9979027d-1672-4108-95a4-eb5d346545a0	\N	9979027d-1672-4108-95a4-eb5d346545a0	2019-02-16 01:54:26.707996+03:30	\N	2019-02-17 20:31:24.569886+03:30	1	0	
3d2964c4-47b5-40ce-bf55-ec68e7ec16e2	reporter	create and run report	9979027d-1672-4108-95a4-eb5d346545a0	\N	9979027d-1672-4108-95a4-eb5d346545a0	2019-02-16 01:54:46.690384+03:30	\N	2019-02-17 20:31:47.742775+03:30	1	0	
\.


--
-- TOC entry 2329 (class 0 OID 25944)
-- Dependencies: 193
-- Data for Name: users; Type: TABLE DATA; Schema: public; Owner: -
--

COPY public.users (id, first_name, middle_name, last_name, username, email, password, type, created_by, deleted_by, updated_by, created_at, deleted_at, updated_at, details, status, situation, description) FROM stdin;
9979027d-1672-4108-95a4-eb5d346545a0	zeus	G	god	zeus	zeus@olympus.god	7c4a8d09ca3762af61e59520943dc26494f8941b	0	\N	\N	\N	2019-02-13 15:13:44.238385+03:30	\N	\N	{}	1	1	Zeus is the sky and thunder god in ancient Greek religion, who rules as king of the gods of Mount Olympus. His name is cognate with the first element of his Roman equivalent Jupiter. His mythologies and powers are similar, though not identical, to those of Indo-European deities such as Indra, Jupiter, Perknas, Perun, and Thor
65ce394f-d538-4617-8f1f-46dd1dbc8983	hasan		mirahadi	hasan	hasan@atitel.com	7110eda4d09e062aa5e4a390b0a572ac0d2c0220	2	a2e60f5a-1df2-480d-a034-8d096a9aa83c	\N	9979027d-1672-4108-95a4-eb5d346545a0	2019-02-16 02:01:11.024943+03:30	\N	2019-02-19 10:41:53.557887+03:30	{"position":"manager"}	1	1	
a2e60f5a-1df2-480d-a034-8d096a9aa83c	masoud		bolhassani	masoud	masoud@atitel.com	7110eda4d09e062aa5e4a390b0a572ac0d2c0220	2	9979027d-1672-4108-95a4-eb5d346545a0	\N	9979027d-1672-4108-95a4-eb5d346545a0	2019-02-13 15:17:46.679052+03:30	\N	2019-02-19 11:08:48.432505+03:30	{}	1	1	
\.


--
-- TOC entry 2333 (class 0 OID 26224)
-- Dependencies: 197
-- Data for Name: users_security_roles; Type: TABLE DATA; Schema: public; Owner: -
--

COPY public.users_security_roles (id, _user_, security_role, created_by, deleted_by, updated_by, created_at, deleted_at, updated_at, status, situation, description) FROM stdin;
e17ef899-7a44-4164-b8b9-d74f1afc1463	a2e60f5a-1df2-480d-a034-8d096a9aa83c	3c230a5e-76a9-48a6-a51b-60fb3a8f7117	9979027d-1672-4108-95a4-eb5d346545a0	\N	\N	2019-02-17 20:39:49.303664+03:30	\N	\N	1	0	
25d78a9c-949e-443e-905d-7ceaf3e705bd	65ce394f-d538-4617-8f1f-46dd1dbc8983	39968d78-6e29-47d5-a8ef-923c9e5724d2	a2e60f5a-1df2-480d-a034-8d096a9aa83c	\N	\N	2019-02-17 22:45:39.047082+03:30	\N	\N	1	0	
1a7840a2-1b9e-4c19-8561-583a81e314c5	65ce394f-d538-4617-8f1f-46dd1dbc8983	3c230a5e-76a9-48a6-a51b-60fb3a8f7117	9979027d-1672-4108-95a4-eb5d346545a0	\N	\N	2019-02-18 14:43:13.463646+03:30	\N	\N	1	0	
\.


--
-- TOC entry 2167 (class 2606 OID 26013)
-- Name: aggrigators aggrigators_pkey; Type: CONSTRAINT; Schema: public; Owner: -
--

ALTER TABLE ONLY public.aggrigators
    ADD CONSTRAINT aggrigators_pkey PRIMARY KEY (id);


--
-- TOC entry 2183 (class 2606 OID 26326)
-- Name: content_providers content_providers_pkey; Type: CONSTRAINT; Schema: public; Owner: -
--

ALTER TABLE ONLY public.content_providers
    ADD CONSTRAINT content_providers_pkey PRIMARY KEY (id);


--
-- TOC entry 2177 (class 2606 OID 26266)
-- Name: entities entities_pkey; Type: CONSTRAINT; Schema: public; Owner: -
--

ALTER TABLE ONLY public.entities
    ADD CONSTRAINT entities_pkey PRIMARY KEY (id);


--
-- TOC entry 2179 (class 2606 OID 26268)
-- Name: entities entities_ukey_name; Type: CONSTRAINT; Schema: public; Owner: -
--

ALTER TABLE ONLY public.entities
    ADD CONSTRAINT entities_ukey_name UNIQUE (name);


--
-- TOC entry 2169 (class 2606 OID 26062)
-- Name: mobile_operators mobile_operators_pkey; Type: CONSTRAINT; Schema: public; Owner: -
--

ALTER TABLE ONLY public.mobile_operators
    ADD CONSTRAINT mobile_operators_pkey PRIMARY KEY (id);


--
-- TOC entry 2181 (class 2606 OID 26292)
-- Name: privileges privileges_pkey; Type: CONSTRAINT; Schema: public; Owner: -
--

ALTER TABLE ONLY public.privileges
    ADD CONSTRAINT privileges_pkey PRIMARY KEY (id);


--
-- TOC entry 2171 (class 2606 OID 26206)
-- Name: security_roles security_roles_pkey; Type: CONSTRAINT; Schema: public; Owner: -
--

ALTER TABLE ONLY public.security_roles
    ADD CONSTRAINT security_roles_pkey PRIMARY KEY (id);


--
-- TOC entry 2173 (class 2606 OID 26208)
-- Name: security_roles security_roles_ukey_name; Type: CONSTRAINT; Schema: public; Owner: -
--

ALTER TABLE ONLY public.security_roles
    ADD CONSTRAINT security_roles_ukey_name UNIQUE (name);


--
-- TOC entry 2161 (class 2606 OID 25952)
-- Name: users users_pkey; Type: CONSTRAINT; Schema: public; Owner: -
--

ALTER TABLE ONLY public.users
    ADD CONSTRAINT users_pkey PRIMARY KEY (id);


--
-- TOC entry 2175 (class 2606 OID 26232)
-- Name: users_security_roles users_security_roles_pkey; Type: CONSTRAINT; Schema: public; Owner: -
--

ALTER TABLE ONLY public.users_security_roles
    ADD CONSTRAINT users_security_roles_pkey PRIMARY KEY (id);


--
-- TOC entry 2163 (class 2606 OID 25954)
-- Name: users users_ukey_email; Type: CONSTRAINT; Schema: public; Owner: -
--

ALTER TABLE ONLY public.users
    ADD CONSTRAINT users_ukey_email UNIQUE (email);


--
-- TOC entry 2165 (class 2606 OID 25956)
-- Name: users users_ukey_username; Type: CONSTRAINT; Schema: public; Owner: -
--

ALTER TABLE ONLY public.users
    ADD CONSTRAINT users_ukey_username UNIQUE (username);


--
-- TOC entry 2209 (class 2606 OID 26327)
-- Name: content_providers content_providers_created_by_fkey; Type: FK CONSTRAINT; Schema: public; Owner: -
--

ALTER TABLE ONLY public.content_providers
    ADD CONSTRAINT content_providers_created_by_fkey FOREIGN KEY (created_by) REFERENCES public.users(id);


--
-- TOC entry 2210 (class 2606 OID 26332)
-- Name: content_providers content_providers_deleted_by_fkey; Type: FK CONSTRAINT; Schema: public; Owner: -
--

ALTER TABLE ONLY public.content_providers
    ADD CONSTRAINT content_providers_deleted_by_fkey FOREIGN KEY (deleted_by) REFERENCES public.users(id);


--
-- TOC entry 2211 (class 2606 OID 26337)
-- Name: content_providers content_providers_updated_by_fkey; Type: FK CONSTRAINT; Schema: public; Owner: -
--

ALTER TABLE ONLY public.content_providers
    ADD CONSTRAINT content_providers_updated_by_fkey FOREIGN KEY (updated_by) REFERENCES public.users(id);


--
-- TOC entry 2201 (class 2606 OID 26269)
-- Name: entities entities_created_by_fkey; Type: FK CONSTRAINT; Schema: public; Owner: -
--

ALTER TABLE ONLY public.entities
    ADD CONSTRAINT entities_created_by_fkey FOREIGN KEY (created_by) REFERENCES public.users(id);


--
-- TOC entry 2202 (class 2606 OID 26274)
-- Name: entities entities_deleted_by_fkey; Type: FK CONSTRAINT; Schema: public; Owner: -
--

ALTER TABLE ONLY public.entities
    ADD CONSTRAINT entities_deleted_by_fkey FOREIGN KEY (deleted_by) REFERENCES public.users(id);


--
-- TOC entry 2203 (class 2606 OID 26279)
-- Name: entities entities_updated_by_fkey; Type: FK CONSTRAINT; Schema: public; Owner: -
--

ALTER TABLE ONLY public.entities
    ADD CONSTRAINT entities_updated_by_fkey FOREIGN KEY (updated_by) REFERENCES public.users(id);


--
-- TOC entry 2190 (class 2606 OID 26063)
-- Name: mobile_operators mobile_operators_created_by_fkey; Type: FK CONSTRAINT; Schema: public; Owner: -
--

ALTER TABLE ONLY public.mobile_operators
    ADD CONSTRAINT mobile_operators_created_by_fkey FOREIGN KEY (created_by) REFERENCES public.users(id);


--
-- TOC entry 2191 (class 2606 OID 26068)
-- Name: mobile_operators mobile_operators_deleted_by_fkey; Type: FK CONSTRAINT; Schema: public; Owner: -
--

ALTER TABLE ONLY public.mobile_operators
    ADD CONSTRAINT mobile_operators_deleted_by_fkey FOREIGN KEY (deleted_by) REFERENCES public.users(id);


--
-- TOC entry 2192 (class 2606 OID 26073)
-- Name: mobile_operators mobile_operators_updated_by_fkey; Type: FK CONSTRAINT; Schema: public; Owner: -
--

ALTER TABLE ONLY public.mobile_operators
    ADD CONSTRAINT mobile_operators_updated_by_fkey FOREIGN KEY (updated_by) REFERENCES public.users(id);


--
-- TOC entry 2206 (class 2606 OID 26303)
-- Name: privileges privileges_created_by_fkey; Type: FK CONSTRAINT; Schema: public; Owner: -
--

ALTER TABLE ONLY public.privileges
    ADD CONSTRAINT privileges_created_by_fkey FOREIGN KEY (created_by) REFERENCES public.users(id);


--
-- TOC entry 2207 (class 2606 OID 26308)
-- Name: privileges privileges_deleted_by_fkey; Type: FK CONSTRAINT; Schema: public; Owner: -
--

ALTER TABLE ONLY public.privileges
    ADD CONSTRAINT privileges_deleted_by_fkey FOREIGN KEY (deleted_by) REFERENCES public.users(id);


--
-- TOC entry 2205 (class 2606 OID 26298)
-- Name: privileges privileges_entity_fkey; Type: FK CONSTRAINT; Schema: public; Owner: -
--

ALTER TABLE ONLY public.privileges
    ADD CONSTRAINT privileges_entity_fkey FOREIGN KEY (entity) REFERENCES public.entities(id);


--
-- TOC entry 2204 (class 2606 OID 26293)
-- Name: privileges privileges_security_role_fkey; Type: FK CONSTRAINT; Schema: public; Owner: -
--

ALTER TABLE ONLY public.privileges
    ADD CONSTRAINT privileges_security_role_fkey FOREIGN KEY (security_role) REFERENCES public.security_roles(id);


--
-- TOC entry 2208 (class 2606 OID 26313)
-- Name: privileges privileges_updated_by_fkey; Type: FK CONSTRAINT; Schema: public; Owner: -
--

ALTER TABLE ONLY public.privileges
    ADD CONSTRAINT privileges_updated_by_fkey FOREIGN KEY (updated_by) REFERENCES public.users(id);


--
-- TOC entry 2193 (class 2606 OID 26209)
-- Name: security_roles security_roles_created_by_fkey; Type: FK CONSTRAINT; Schema: public; Owner: -
--

ALTER TABLE ONLY public.security_roles
    ADD CONSTRAINT security_roles_created_by_fkey FOREIGN KEY (created_by) REFERENCES public.users(id);


--
-- TOC entry 2194 (class 2606 OID 26214)
-- Name: security_roles security_roles_deleted_by_fkey; Type: FK CONSTRAINT; Schema: public; Owner: -
--

ALTER TABLE ONLY public.security_roles
    ADD CONSTRAINT security_roles_deleted_by_fkey FOREIGN KEY (deleted_by) REFERENCES public.users(id);


--
-- TOC entry 2195 (class 2606 OID 26219)
-- Name: security_roles security_roles_updated_by_fkey; Type: FK CONSTRAINT; Schema: public; Owner: -
--

ALTER TABLE ONLY public.security_roles
    ADD CONSTRAINT security_roles_updated_by_fkey FOREIGN KEY (updated_by) REFERENCES public.users(id);


--
-- TOC entry 2184 (class 2606 OID 25957)
-- Name: users users_created_by_fkey; Type: FK CONSTRAINT; Schema: public; Owner: -
--

ALTER TABLE ONLY public.users
    ADD CONSTRAINT users_created_by_fkey FOREIGN KEY (created_by) REFERENCES public.users(id);


--
-- TOC entry 2187 (class 2606 OID 26014)
-- Name: aggrigators users_created_by_fkey; Type: FK CONSTRAINT; Schema: public; Owner: -
--

ALTER TABLE ONLY public.aggrigators
    ADD CONSTRAINT users_created_by_fkey FOREIGN KEY (created_by) REFERENCES public.users(id);


--
-- TOC entry 2185 (class 2606 OID 25962)
-- Name: users users_deleted_by_fkey; Type: FK CONSTRAINT; Schema: public; Owner: -
--

ALTER TABLE ONLY public.users
    ADD CONSTRAINT users_deleted_by_fkey FOREIGN KEY (deleted_by) REFERENCES public.users(id);


--
-- TOC entry 2188 (class 2606 OID 26019)
-- Name: aggrigators users_deleted_by_fkey; Type: FK CONSTRAINT; Schema: public; Owner: -
--

ALTER TABLE ONLY public.aggrigators
    ADD CONSTRAINT users_deleted_by_fkey FOREIGN KEY (deleted_by) REFERENCES public.users(id);


--
-- TOC entry 2198 (class 2606 OID 26243)
-- Name: users_security_roles users_security_roles__user__fkey; Type: FK CONSTRAINT; Schema: public; Owner: -
--

ALTER TABLE ONLY public.users_security_roles
    ADD CONSTRAINT users_security_roles__user__fkey FOREIGN KEY (_user_) REFERENCES public.users(id);


--
-- TOC entry 2196 (class 2606 OID 26233)
-- Name: users_security_roles users_security_roles_created_by_fkey; Type: FK CONSTRAINT; Schema: public; Owner: -
--

ALTER TABLE ONLY public.users_security_roles
    ADD CONSTRAINT users_security_roles_created_by_fkey FOREIGN KEY (created_by) REFERENCES public.users(id);


--
-- TOC entry 2197 (class 2606 OID 26238)
-- Name: users_security_roles users_security_roles_deleted_by_fkey; Type: FK CONSTRAINT; Schema: public; Owner: -
--

ALTER TABLE ONLY public.users_security_roles
    ADD CONSTRAINT users_security_roles_deleted_by_fkey FOREIGN KEY (deleted_by) REFERENCES public.users(id);


--
-- TOC entry 2199 (class 2606 OID 26248)
-- Name: users_security_roles users_security_roles_security_role_fkey; Type: FK CONSTRAINT; Schema: public; Owner: -
--

ALTER TABLE ONLY public.users_security_roles
    ADD CONSTRAINT users_security_roles_security_role_fkey FOREIGN KEY (security_role) REFERENCES public.security_roles(id);


--
-- TOC entry 2200 (class 2606 OID 26253)
-- Name: users_security_roles users_security_roles_updated_by_fkey; Type: FK CONSTRAINT; Schema: public; Owner: -
--

ALTER TABLE ONLY public.users_security_roles
    ADD CONSTRAINT users_security_roles_updated_by_fkey FOREIGN KEY (updated_by) REFERENCES public.users(id);


--
-- TOC entry 2186 (class 2606 OID 25967)
-- Name: users users_updated_by_fkey; Type: FK CONSTRAINT; Schema: public; Owner: -
--

ALTER TABLE ONLY public.users
    ADD CONSTRAINT users_updated_by_fkey FOREIGN KEY (updated_by) REFERENCES public.users(id);


--
-- TOC entry 2189 (class 2606 OID 26024)
-- Name: aggrigators users_updated_by_fkey; Type: FK CONSTRAINT; Schema: public; Owner: -
--

ALTER TABLE ONLY public.aggrigators
    ADD CONSTRAINT users_updated_by_fkey FOREIGN KEY (updated_by) REFERENCES public.users(id);


-- Completed on 2019-02-19 13:58:54 +0330

--
-- PostgreSQL database dump complete
--

